DATE,DAAA
2003/12/30,5.64
2003/12/31,5.63
2004/1/1,.
2004/1/2,5.73
2004/1/5,5.7
2004/1/6,5.63
2004/1/7,5.61
2004/1/8,5.63
2004/1/9,5.52
2004/1/12,5.52
2004/1/13,5.49
2004/1/14,5.43
2004/1/15,5.41
2004/1/16,5.43
2004/1/19,.
2004/1/20,5.48
2004/1/21,5.47
2004/1/22,5.41
2004/1/23,5.49
2004/1/26,5.56
2004/1/27,5.51
2004/1/28,5.59
2004/1/29,5.58
2004/1/30,5.53
2004/2/2,5.55
2004/2/3,5.52
2004/2/4,5.53
2004/2/5,5.55
2004/2/6,5.51
2004/2/9,5.49
2004/2/10,5.52
2004/2/11,5.48
2004/2/12,5.53
2004/2/13,5.5
2004/2/16,.
2004/2/17,5.5
2004/2/18,5.49
2004/2/19,5.47
2004/2/20,5.53
2004/2/23,5.49
2004/2/24,5.47
2004/2/25,5.46
2004/2/26,5.49
2004/2/27,5.43
2004/3/1,5.43
2004/3/2,5.47
2004/3/3,5.48
2004/3/4,5.45
2004/3/5,5.32
2004/3/8,5.29
2004/3/9,5.24
2004/3/10,5.26
2004/3/11,5.27
2004/3/12,5.29
2004/3/15,5.28
2004/3/16,5.27
2004/3/17,5.27
2004/3/18,5.28
2004/3/19,5.31
2004/3/22,5.24
2004/3/23,5.26
2004/3/24,5.26
2004/3/25,5.28
2004/3/26,5.36
2004/3/29,5.4
2004/3/30,5.41
2004/3/31,5.37
2004/4/1,5.4
2004/4/2,5.55
2004/4/5,5.62
2004/4/6,5.6
2004/4/7,5.59
2004/4/8,5.62
2004/4/9,.
2004/4/12,5.64
2004/4/13,5.73
2004/4/14,5.76
2004/4/15,5.8
2004/4/16,5.77
2004/4/19,5.79
2004/4/20,5.82
2004/4/21,5.82
2004/4/22,5.78
2004/4/23,5.84
2004/4/26,5.81
2004/4/27,5.8
2004/4/28,5.85
2004/4/29,5.89
2004/4/30,5.87
2004/5/3,5.87
2004/5/4,5.92
2004/5/5,5.91
2004/5/6,5.98
2004/5/7,6.06
2004/5/10,6.12
2004/5/11,6.08
2004/5/12,6.13
2004/5/13,6.18
2004/5/14,6.12
2004/5/17,6.06
2004/5/18,6.08
2004/5/19,6.12
2004/5/20,6.05
2004/5/21,6.08
2004/5/24,6.06
2004/5/25,6.03
2004/5/26,6
2004/5/27,5.93
2004/5/28,5.97
2004/5/31,.
2004/6/1,6.02
2004/6/2,6.04
2004/6/3,6.03
2004/6/4,6.07
2004/6/7,6.07
2004/6/8,6.06
2004/6/9,6.1
2004/6/10,6.08
2004/6/11,.
2004/6/14,6.14
2004/6/15,5.97
2004/6/16,6.02
2004/6/17,5.96
2004/6/18,5.98
2004/6/21,5.98
2004/6/22,5.99
2004/6/23,5.98
2004/6/24,5.95
2004/6/25,5.95
2004/6/28,6.03
2004/6/29,5.98
2004/6/30,5.91
2004/7/1,5.89
2004/7/2,5.81
2004/7/5,.
2004/7/6,5.83
2004/7/7,5.83
2004/7/8,5.83
2004/7/9,5.83
2004/7/12,5.81
2004/7/13,5.84
2004/7/14,5.83
2004/7/15,5.83
2004/7/16,5.73
2004/7/19,5.73
2004/7/20,5.78
2004/7/21,5.81
2004/7/22,5.8
2004/7/23,5.77
2004/7/26,5.8
2004/7/27,5.91
2004/7/28,5.91
2004/7/29,5.9
2004/7/30,5.81
2004/8/2,5.79
2004/8/3,5.77
2004/8/4,5.77
2004/8/5,5.75
2004/8/6,5.64
2004/8/9,5.65
2004/8/10,5.67
2004/8/11,5.67
2004/8/12,5.66
2004/8/13,5.61
2004/8/16,5.64
2004/8/17,5.6
2004/8/18,5.62
2004/8/19,5.6
2004/8/20,5.61
2004/8/23,5.65
2004/8/24,5.65
2004/8/25,5.63
2004/8/26,5.6
2004/8/27,5.6
2004/8/30,5.57
2004/8/31,5.51
2004/9/1,5.51
2004/9/2,5.55
2004/9/3,5.63
2004/9/6,.
2004/9/7,5.57
2004/9/8,5.51
2004/9/9,5.55
2004/9/10,5.53
2004/9/13,5.5
2004/9/14,5.49
2004/9/15,5.51
2004/9/16,5.43
2004/9/17,5.47
2004/9/20,5.42
2004/9/21,5.39
2004/9/22,5.33
2004/9/23,5.35
2004/9/24,5.35
2004/9/27,5.32
2004/9/28,5.35
2004/9/29,5.41
2004/9/30,5.47
2004/10/1,5.53
2004/10/4,5.52
2004/10/5,5.52
2004/10/6,5.57
2004/10/7,5.6
2004/10/8,5.5
2004/10/11,.
2004/10/12,5.48
2004/10/13,5.47
2004/10/14,5.43
2004/10/15,5.47
2004/10/18,5.47
2004/10/19,5.44
2004/10/20,5.43
2004/10/21,5.42
2004/10/22,5.39
2004/10/25,5.39
2004/10/26,5.39
2004/10/27,5.47
2004/10/28,5.46
2004/10/29,5.41
2004/11/1,5.5
2004/11/2,5.5
2004/11/3,5.48
2004/11/4,5.46
2004/11/5,5.56
2004/11/8,5.59
2004/11/9,5.62
2004/11/10,5.62
2004/11/11,.
2004/11/12,5.53
2004/11/15,5.52
2004/11/16,5.52
2004/11/17,5.46
2004/11/18,5.43
2004/11/19,5.48
2004/11/22,5.44
2004/11/23,5.45
2004/11/24,5.45
2004/11/25,.
2004/11/26,5.5
2004/11/29,5.58
2004/11/30,5.62
2004/12/1,5.63
2004/12/2,5.65
2004/12/3,5.54
2004/12/6,5.51
2004/12/7,5.5
2004/12/8,5.37
2004/12/9,5.42
2004/12/10,5.41
2004/12/13,5.42
2004/12/14,5.39
2004/12/15,5.3
2004/12/16,5.41
2004/12/17,5.46
2004/12/20,5.44
2004/12/21,5.42
2004/12/22,5.45
2004/12/23,5.47
2004/12/24,.
2004/12/27,5.54
2004/12/28,5.53
2004/12/29,5.55
2004/12/30,5.49
2004/12/31,5.43
2005/1/3,5.43
2005/1/4,5.49
2005/1/5,5.47
2005/1/6,5.48
2005/1/7,5.47
2005/1/10,5.45
2005/1/11,5.42
2005/1/12,5.4
2005/1/13,5.35
2005/1/14,5.36
2005/1/17,.
2005/1/18,5.32
2005/1/19,5.3
2005/1/20,5.29
2005/1/21,5.29
2005/1/24,5.25
2005/1/25,5.32
2005/1/26,5.3
2005/1/27,5.3
2005/1/28,5.24
2005/1/31,5.22
2005/2/1,5.22
2005/2/2,5.21
2005/2/3,5.21
2005/2/4,5.14
2005/2/7,5.09
2005/2/8,5.05
2005/2/9,5.03
2005/2/10,5.13
2005/2/11,5.16
2005/2/14,5.11
2005/2/15,5.14
2005/2/16,5.19
2005/2/17,5.23
2005/2/18,5.32
2005/2/21,.
2005/2/22,5.33
2005/2/23,5.3
2005/2/24,5.3
2005/2/25,5.28
2005/2/28,5.35
2005/3/1,5.35
2005/3/2,5.37
2005/3/3,5.37
2005/3/4,5.26
2005/3/7,5.23
2005/3/8,5.3
2005/3/9,5.43
2005/3/10,5.37
2005/3/11,5.42
2005/3/14,5.39
2005/3/15,5.42
2005/3/16,5.4
2005/3/17,5.37
2005/3/18,5.42
2005/3/21,5.44
2005/3/22,5.5
2005/3/23,5.49
2005/3/24,5.47
2005/3/25,.
2005/3/28,5.52
2005/3/29,5.48
2005/3/30,5.44
2005/3/31,5.4
2005/4/1,5.36
2005/4/4,5.38
2005/4/5,5.42
2005/4/6,5.41
2005/4/7,5.48
2005/4/8,5.47
2005/4/11,5.42
2005/4/12,5.34
2005/4/13,5.37
2005/4/14,5.39
2005/4/15,5.3
2005/4/18,5.28
2005/4/19,5.23
2005/4/20,5.26
2005/4/21,5.33
2005/4/22,5.27
2005/4/25,5.25
2005/4/26,5.26
2005/4/27,5.24
2005/4/28,5.2
2005/4/29,5.21
2005/5/2,5.21
2005/5/3,5.21
2005/5/4,5.28
2005/5/5,5.28
2005/5/6,5.29
2005/5/9,5.27
2005/5/10,5.23
2005/5/11,5.2
2005/5/12,5.17
2005/5/13,5.13
2005/5/16,5.13
2005/5/17,5.11
2005/5/18,5.07
2005/5/19,5.11
2005/5/20,5.1
2005/5/23,5.06
2005/5/24,5.04
2005/5/25,5.09
2005/5/26,5.1
2005/5/27,5.1
2005/5/30,.
2005/5/31,5.02
2005/6/1,4.93
2005/6/2,4.9
2005/6/3,4.95
2005/6/6,4.92
2005/6/7,4.87
2005/6/8,4.89
2005/6/9,4.92
2005/6/10,4.99
2005/6/13,5.04
2005/6/14,5.1
2005/6/15,5.09
2005/6/16,5.04
2005/6/17,5.04
2005/6/20,5.06
2005/6/21,5
2005/6/22,4.92
2005/6/23,4.93
2005/6/24,4.89
2005/6/27,4.86
2005/6/28,4.91
2005/6/29,4.96
2005/6/30,4.91
2005/7/1,4.99
2005/7/4,.
2005/7/5,5.05
2005/7/6,5.02
2005/7/7,4.99
2005/7/8,5.05
2005/7/11,4.99
2005/7/12,5.03
2005/7/13,5.05
2005/7/14,5.07
2005/7/15,5.05
2005/7/18,5.12
2005/7/19,5.09
2005/7/20,5.05
2005/7/21,5.13
2005/7/22,5.07
2005/7/25,5.1
2005/7/26,5.09
2005/7/27,5.11
2005/7/28,5.01
2005/7/29,5.08
2005/8/1,5.13
2005/8/2,5.17
2005/8/3,5.14
2005/8/4,5.15
2005/8/5,5.21
2005/8/8,5.23
2005/8/9,5.2
2005/8/10,5.21
2005/8/11,5.16
2005/8/12,5.07
2005/8/15,5.11
2005/8/16,5.07
2005/8/17,5.12
2005/8/18,5.07
2005/8/19,5.06
2005/8/22,5.07
2005/8/23,5.05
2005/8/24,5.04
2005/8/25,5.01
2005/8/26,5.03
2005/8/29,5.01
2005/8/30,4.96
2005/8/31,4.91
2005/9/1,4.94
2005/9/2,4.95
2005/9/5,.
2005/9/6,5
2005/9/7,5.07
2005/9/8,5.07
2005/9/9,5.05
2005/9/12,5.1
2005/9/13,5.07
2005/9/14,5.1
2005/9/15,5.16
2005/9/16,5.22
2005/9/19,5.21
2005/9/20,5.19
2005/9/21,5.14
2005/9/22,5.13
2005/9/23,5.18
2005/9/26,5.23
2005/9/27,5.24
2005/9/28,5.17
2005/9/29,5.21
2005/9/30,5.22
2005/10/3,5.27
2005/10/4,5.25
2005/10/5,5.23
2005/10/6,5.27
2005/10/7,5.25
2005/10/10,.
2005/10/11,5.27
2005/10/12,5.34
2005/10/13,5.39
2005/10/14,5.39
2005/10/17,5.39
2005/10/18,5.37
2005/10/19,5.36
2005/10/20,5.35
2005/10/21,5.28
2005/10/24,5.33
2005/10/25,5.38
2005/10/26,5.47
2005/10/27,5.44
2005/10/28,5.44
2005/10/31,5.43
2005/11/1,5.44
2005/11/2,5.48
2005/11/3,5.52
2005/11/4,5.53
2005/11/7,5.51
2005/11/8,5.44
2005/11/9,5.5
2005/11/10,5.43
2005/11/11,.
2005/11/14,5.48
2005/11/15,5.42
2005/11/16,5.35
2005/11/17,5.33
2005/11/18,5.37
2005/11/21,5.34
2005/11/22,5.34
2005/11/23,5.39
2005/11/24,.
2005/11/25,5.34
2005/11/28,5.3
2005/11/29,5.37
2005/11/30,5.42
2005/12/1,5.45
2005/12/2,5.44
2005/12/5,5.48
2005/12/6,5.41
2005/12/7,5.44
2005/12/8,5.39
2005/12/9,5.46
2005/12/12,5.46
2005/12/13,5.46
2005/12/14,5.38
2005/12/15,5.39
2005/12/16,5.36
2005/12/19,5.35
2005/12/20,5.37
2005/12/21,5.38
2005/12/22,5.32
2005/12/23,5.26
2005/12/26,.
2005/12/27,5.21
2005/12/28,5.25
2005/12/29,5.24
2005/12/30,5.26
2006/1/2,.
2006/1/3,5.26
2006/1/4,5.25
2006/1/5,5.26
2006/1/6,5.28
2006/1/9,5.28
2006/1/10,5.31
2006/1/11,5.34
2006/1/12,5.29
2006/1/13,5.23
2006/1/16,.
2006/1/17,5.21
2006/1/18,5.23
2006/1/19,5.26
2006/1/20,5.24
2006/1/23,5.24
2006/1/24,5.27
2006/1/25,5.36
2006/1/26,5.4
2006/1/27,5.38
2006/1/30,5.41
2006/1/31,5.39
2006/2/1,5.41
2006/2/2,5.4
2006/2/3,5.32
2006/2/6,5.3
2006/2/7,5.34
2006/2/8,5.36
2006/2/9,5.32
2006/2/10,5.36
2006/2/13,5.37
2006/2/14,5.4
2006/2/15,5.39
2006/2/16,5.39
2006/2/17,5.32
2006/2/20,.
2006/2/21,5.34
2006/2/22,5.3
2006/2/23,5.32
2006/2/24,5.32
2006/2/27,5.34
2006/2/28,5.31
2006/3/1,5.36
2006/3/2,5.41
2006/3/3,5.46
2006/3/6,5.53
2006/3/7,5.52
2006/3/8,5.53
2006/3/9,5.52
2006/3/10,5.54
2006/3/13,5.57
2006/3/14,5.51
2006/3/15,5.55
2006/3/16,5.49
2006/3/17,5.51
2006/3/20,5.49
2006/3/21,5.53
2006/3/22,5.5
2006/3/23,5.54
2006/3/24,5.47
2006/3/27,5.51
2006/3/28,5.58
2006/3/29,5.62
2006/3/30,5.67
2006/3/31,5.67
2006/4/3,5.68
2006/4/4,5.69
2006/4/5,5.68
2006/4/6,5.74
2006/4/7,5.82
2006/4/10,5.82
2006/4/11,5.79
2006/4/12,5.84
2006/4/13,5.89
2006/4/14,.
2006/4/17,5.86
2006/4/18,5.85
2006/4/19,5.91
2006/4/20,5.92
2006/4/21,5.88
2006/4/24,5.84
2006/4/25,5.93
2006/4/26,5.95
2006/4/27,5.96
2006/4/28,5.95
2006/5/1,6
2006/5/2,5.98
2006/5/3,6
2006/5/4,6
2006/5/5,5.96
2006/5/8,5.95
2006/5/9,5.95
2006/5/10,5.93
2006/5/11,5.97
2006/5/12,6.04
2006/5/15,6.01
2006/5/16,5.96
2006/5/17,6.02
2006/5/18,5.92
2006/5/19,5.88
2006/5/22,5.88
2006/5/23,5.9
2006/5/24,5.88
2006/5/25,5.92
2006/5/26,5.9
2006/5/29,.
2006/5/30,5.93
2006/5/31,5.95
2006/6/1,5.94
2006/6/2,5.83
2006/6/5,5.85
2006/6/6,5.82
2006/6/7,5.83
2006/6/8,5.81
2006/6/9,5.76
2006/6/12,5.79
2006/6/13,5.79
2006/6/14,5.82
2006/6/15,5.87
2006/6/16,5.9
2006/6/19,5.92
2006/6/20,5.93
2006/6/21,5.92
2006/6/22,5.96
2006/6/23,5.99
2006/6/26,6.01
2006/6/27,5.97
2006/6/28,6.01
2006/6/29,5.98
2006/6/30,5.91
2006/7/3,5.92
2006/7/4,.
2006/7/5,5.99
2006/7/6,5.95
2006/7/7,5.89
2006/7/10,5.89
2006/7/11,5.86
2006/7/12,5.85
2006/7/13,5.83
2006/7/14,5.83
2006/7/17,5.82
2006/7/18,5.88
2006/7/19,5.82
2006/7/20,5.78
2006/7/21,5.8
2006/7/24,5.81
2006/7/25,5.85
2006/7/26,5.82
2006/7/27,5.83
2006/7/28,5.79
2006/7/31,5.79
2006/8/1,5.79
2006/8/2,5.77
2006/8/3,5.75
2006/8/4,5.71
2006/8/7,5.72
2006/8/8,5.74
2006/8/9,5.76
2006/8/10,5.78
2006/8/11,5.8
2006/8/14,5.79
2006/8/15,5.72
2006/8/16,5.67
2006/8/17,5.67
2006/8/18,5.64
2006/8/21,5.63
2006/8/22,5.62
2006/8/23,5.62
2006/8/24,5.61
2006/8/25,5.6
2006/8/28,5.61
2006/8/29,5.6
2006/8/30,5.57
2006/8/31,5.54
2006/9/1,5.53
2006/9/4,.
2006/9/5,5.59
2006/9/6,5.6
2006/9/7,5.59
2006/9/8,5.57
2006/9/11,5.6
2006/9/12,5.57
2006/9/13,5.56
2006/9/14,5.58
2006/9/15,5.58
2006/9/18,5.59
2006/9/19,5.52
2006/9/20,5.51
2006/9/21,5.44
2006/9/22,5.4
2006/9/25,5.36
2006/9/26,5.37
2006/9/27,5.38
2006/9/28,5.42
2006/9/29,5.42
2006/10/2,5.41
2006/10/3,5.4
2006/10/4,5.37
2006/10/5,5.41
2006/10/6,5.49
2006/10/9,.
2006/10/10,5.53
2006/10/11,5.56
2006/10/12,5.56
2006/10/13,5.59
2006/10/16,5.57
2006/10/17,5.56
2006/10/18,5.54
2006/10/19,5.56
2006/10/20,5.55
2006/10/23,5.6
2006/10/24,5.61
2006/10/25,5.57
2006/10/26,5.51
2006/10/27,5.47
2006/10/30,5.46
2006/10/31,5.39
2006/11/1,5.35
2006/11/2,5.37
2006/11/3,5.46
2006/11/6,5.45
2006/11/7,5.41
2006/11/8,5.38
2006/11/9,5.39
2006/11/10,5.33
2006/11/13,5.34
2006/11/14,5.3
2006/11/15,5.34
2006/11/16,5.37
2006/11/17,5.33
2006/11/20,5.32
2006/11/21,5.3
2006/11/22,5.29
2006/11/23,.
2006/11/24,5.27
2006/11/27,5.26
2006/11/28,5.24
2006/11/29,5.25
2006/11/30,5.2
2006/12/1,5.18
2006/12/4,5.19
2006/12/5,5.21
2006/12/6,5.24
2006/12/7,5.24
2006/12/8,5.3
2006/12/11,5.27
2006/12/12,5.25
2006/12/13,5.33
2006/12/14,5.36
2006/12/15,5.36
2006/12/18,5.35
2006/12/19,5.37
2006/12/20,5.37
2006/12/21,5.33
2006/12/22,5.4
2006/12/25,.
2006/12/26,5.37
2006/12/27,5.42
2006/12/28,5.45
2006/12/29,5.46
2007/1/1,.
2007/1/2,5.34
2007/1/3,5.32
2007/1/4,5.28
2007/1/5,5.29
2007/1/8,5.29
2007/1/9,5.29
2007/1/10,5.32
2007/1/11,5.37
2007/1/12,5.41
2007/1/15,.
2007/1/16,5.39
2007/1/17,5.43
2007/1/18,5.4
2007/1/19,5.41
2007/1/22,5.4
2007/1/23,5.45
2007/1/24,5.46
2007/1/25,5.51
2007/1/26,5.53
2007/1/29,5.54
2007/1/30,5.53
2007/1/31,5.48
2007/2/1,5.48
2007/2/2,5.48
2007/2/5,5.46
2007/2/6,5.42
2007/2/7,5.4
2007/2/8,5.39
2007/2/9,5.44
2007/2/12,5.46
2007/2/13,5.47
2007/2/14,5.4
2007/2/15,5.38
2007/2/16,5.36
2007/2/19,.
2007/2/20,5.35
2007/2/21,5.36
2007/2/22,5.4
2007/2/23,5.35
2007/2/26,5.3
2007/2/27,5.2
2007/2/28,5.25
2007/3/1,5.26
2007/3/2,5.23
2007/3/5,5.24
2007/3/6,5.24
2007/3/7,5.22
2007/3/8,5.23
2007/3/9,5.3
2007/3/12,5.27
2007/3/13,5.24
2007/3/14,5.28
2007/3/15,5.28
2007/3/16,5.28
2007/3/19,5.3
2007/3/20,5.29
2007/3/21,5.28
2007/3/22,5.36
2007/3/23,5.38
2007/3/26,5.36
2007/3/27,5.39
2007/3/28,5.41
2007/3/29,5.41
2007/3/30,5.43
2007/4/2,5.42
2007/4/3,5.47
2007/4/4,5.47
2007/4/5,5.49
2007/4/6,5.54
2007/4/9,5.54
2007/4/10,5.52
2007/4/11,5.53
2007/4/12,5.53
2007/4/13,5.55
2007/4/16,5.48
2007/4/17,5.44
2007/4/18,5.41
2007/4/19,5.43
2007/4/20,5.43
2007/4/23,5.42
2007/4/24,5.39
2007/4/25,5.42
2007/4/26,5.46
2007/4/27,5.47
2007/4/30,5.4
2007/5/1,5.4
2007/5/2,5.4
2007/5/3,5.42
2007/5/4,5.39
2007/5/7,5.41
2007/5/8,5.42
2007/5/9,5.42
2007/5/10,5.41
2007/5/11,5.43
2007/5/14,5.44
2007/5/15,5.47
2007/5/16,5.46
2007/5/17,5.45
2007/5/18,5.49
2007/5/21,5.5
2007/5/22,5.54
2007/5/23,5.57
2007/5/24,5.56
2007/5/25,5.56
2007/5/28,.
2007/5/29,5.57
2007/5/30,5.56
2007/5/31,5.57
2007/6/1,5.62
2007/6/4,5.57
2007/6/5,5.62
2007/6/6,5.63
2007/6/7,5.76
2007/6/8,5.78
2007/6/11,5.85
2007/6/12,5.96
2007/6/13,5.88
2007/6/14,5.9
2007/6/15,5.87
2007/6/18,5.86
2007/6/19,5.81
2007/6/20,5.85
2007/6/21,5.89
2007/6/22,5.86
2007/6/25,5.8
2007/6/26,5.83
2007/6/27,5.8
2007/6/28,5.82
2007/6/29,5.73
2007/7/2,5.71
2007/7/3,5.75
2007/7/4,.
2007/7/5,5.84
2007/7/6,5.89
2007/7/9,5.85
2007/7/10,5.74
2007/7/11,5.8
2007/7/12,5.84
2007/7/13,5.82
2007/7/16,5.75
2007/7/17,5.79
2007/7/18,5.72
2007/7/19,5.74
2007/7/20,5.69
2007/7/23,5.69
2007/7/24,5.69
2007/7/25,5.66
2007/7/26,5.57
2007/7/27,5.58
2007/7/30,5.65
2007/7/31,5.62
2007/8/1,5.61
2007/8/2,5.6
2007/8/3,5.67
2007/8/6,5.71
2007/8/7,5.7
2007/8/8,5.83
2007/8/9,5.83
2007/8/10,5.82
2007/8/13,5.82
2007/8/14,5.8
2007/8/15,5.89
2007/8/16,5.84
2007/8/17,5.91
2007/8/20,5.88
2007/8/21,5.85
2007/8/22,5.87
2007/8/23,5.83
2007/8/24,5.81
2007/8/27,5.76
2007/8/28,5.76
2007/8/29,5.8
2007/8/30,5.76
2007/8/31,5.76
2007/9/3,.
2007/9/4,5.77
2007/9/5,5.73
2007/9/6,5.74
2007/9/7,5.66
2007/9/10,5.61
2007/9/11,5.62
2007/9/12,5.66
2007/9/13,5.71
2007/9/14,5.69
2007/9/17,5.68
2007/9/18,5.73
2007/9/19,5.77
2007/9/20,5.88
2007/9/21,5.81
2007/9/24,5.8
2007/9/25,5.81
2007/9/26,5.82
2007/9/27,5.76
2007/9/28,5.76
2007/10/1,5.72
2007/10/2,5.71
2007/10/3,5.72
2007/10/4,5.67
2007/10/5,5.78
2007/10/8,.
2007/10/9,5.78
2007/10/10,5.77
2007/10/11,5.79
2007/10/12,5.77
2007/10/15,5.78
2007/10/16,5.78
2007/10/17,5.67
2007/10/18,5.64
2007/10/19,5.55
2007/10/22,5.56
2007/10/23,5.57
2007/10/24,5.51
2007/10/25,5.53
2007/10/26,5.55
2007/10/29,5.53
2007/10/30,5.54
2007/10/31,5.62
2007/11/1,5.53
2007/11/2,5.5
2007/11/5,5.49
2007/11/6,5.53
2007/11/7,5.57
2007/11/8,5.55
2007/11/9,5.52
2007/11/12,.
2007/11/13,5.53
2007/11/14,5.52
2007/11/15,5.45
2007/11/16,5.46
2007/11/19,5.41
2007/11/20,5.42
2007/11/21,5.4
2007/11/22,.
2007/11/23,5.37
2007/11/26,5.21
2007/11/27,5.28
2007/11/28,5.34
2007/11/29,5.29
2007/11/30,5.34
2007/12/3,5.29
2007/12/4,5.28
2007/12/5,5.32
2007/12/6,5.44
2007/12/7,5.54
2007/12/10,5.57
2007/12/11,5.46
2007/12/12,5.51
2007/12/13,5.59
2007/12/14,5.64
2007/12/17,5.6
2007/12/18,5.52
2007/12/19,5.46
2007/12/20,5.42
2007/12/21,5.53
2007/12/24,5.57
2007/12/25,.
2007/12/26,5.64
2007/12/27,5.57
2007/12/28,5.48
2007/12/31,5.41
2008/1/1,.
2008/1/2,5.31
2008/1/3,5.33
2008/1/4,5.34
2008/1/7,5.29
2008/1/8,5.31
2008/1/9,5.32
2008/1/10,5.49
2008/1/11,5.38
2008/1/14,5.36
2008/1/15,5.28
2008/1/16,5.29
2008/1/17,5.24
2008/1/18,5.28
2008/1/21,.
2008/1/22,5.27
2008/1/23,5.22
2008/1/24,5.39
2008/1/25,5.32
2008/1/28,5.32
2008/1/29,5.37
2008/1/30,5.47
2008/1/31,5.38
2008/2/1,5.35
2008/2/4,5.39
2008/2/5,5.33
2008/2/6,5.36
2008/2/7,5.49
2008/2/8,5.43
2008/2/11,5.42
2008/2/12,5.5
2008/2/13,5.52
2008/2/14,5.67
2008/2/15,5.61
2008/2/18,.
2008/2/19,5.67
2008/2/20,5.66
2008/2/21,5.56
2008/2/22,5.6
2008/2/25,5.68
2008/2/26,5.68
2008/2/27,5.65
2008/2/28,5.55
2008/2/29,5.42
2008/3/3,5.43
2008/3/4,5.48
2008/3/5,5.61
2008/3/6,5.61
2008/3/7,5.57
2008/3/10,5.5
2008/3/11,5.63
2008/3/12,5.49
2008/3/13,5.53
2008/3/14,5.48
2008/3/17,5.47
2008/3/18,5.5
2008/3/19,5.42
2008/3/20,5.35
2008/3/21,.
2008/3/24,5.49
2008/3/25,5.49
2008/3/26,5.51
2008/3/27,5.56
2008/3/28,5.52
2008/3/31,5.48
2008/4/1,5.57
2008/4/2,5.57
2008/4/3,5.57
2008/4/4,5.45
2008/4/7,5.5
2008/4/8,5.52
2008/4/9,5.44
2008/4/10,5.47
2008/4/11,5.43
2008/4/14,5.47
2008/4/15,5.54
2008/4/16,5.68
2008/4/17,5.65
2008/4/18,5.64
2008/4/21,5.6
2008/4/22,5.54
2008/4/23,5.54
2008/4/24,5.6
2008/4/25,5.64
2008/4/28,5.62
2008/4/29,5.61
2008/4/30,5.51
2008/5/1,5.5
2008/5/2,5.58
2008/5/5,5.57
2008/5/6,5.63
2008/5/7,5.61
2008/5/8,5.53
2008/5/9,5.49
2008/5/12,5.49
2008/5/13,5.59
2008/5/14,5.61
2008/5/15,5.55
2008/5/16,5.55
2008/5/19,5.54
2008/5/20,5.5
2008/5/21,5.52
2008/5/22,5.59
2008/5/23,5.52
2008/5/26,.
2008/5/27,5.61
2008/5/28,5.66
2008/5/29,5.73
2008/5/30,5.67
2008/6/2,5.64
2008/6/3,5.57
2008/6/4,5.64
2008/6/5,5.69
2008/6/6,5.61
2008/6/9,5.58
2008/6/10,5.66
2008/6/11,5.66
2008/6/12,5.73
2008/6/13,5.76
2008/6/16,5.75
2008/6/17,5.76
2008/6/18,5.7
2008/6/19,5.77
2008/6/20,5.72
2008/6/23,5.73
2008/6/24,5.68
2008/6/25,5.67
2008/6/26,5.67
2008/6/27,5.61
2008/6/30,5.6
2008/7/1,5.62
2008/7/2,5.57
2008/7/3,5.6
2008/7/4,.
2008/7/7,5.57
2008/7/8,5.52
2008/7/9,5.5
2008/7/10,5.49
2008/7/11,5.59
2008/7/14,5.54
2008/7/15,5.58
2008/7/16,5.7
2008/7/17,5.75
2008/7/18,5.77
2008/7/21,5.76
2008/7/22,5.78
2008/7/23,5.81
2008/7/24,5.72
2008/7/25,5.81
2008/7/28,5.73
2008/7/29,5.74
2008/7/30,5.76
2008/7/31,5.73
2008/8/1,5.7
2008/8/4,5.72
2008/8/5,5.76
2008/8/6,5.82
2008/8/7,5.7
2008/8/8,5.68
2008/8/11,5.74
2008/8/12,5.68
2008/8/13,5.7
2008/8/14,5.65
2008/8/15,5.61
2008/8/18,5.57
2008/8/19,5.6
2008/8/20,5.57
2008/8/21,5.59
2008/8/22,5.59
2008/8/25,5.53
2008/8/26,5.53
2008/8/27,5.51
2008/8/28,5.51
2008/8/29,5.6
2008/9/1,.
2008/9/2,5.54
2008/9/3,5.5
2008/9/4,5.46
2008/9/5,5.46
2008/9/8,5.45
2008/9/9,5.37
2008/9/10,5.46
2008/9/11,5.44
2008/9/12,5.56
2008/9/15,5.46
2008/9/16,5.49
2008/9/17,5.58
2008/9/18,5.68
2008/9/19,5.93
2008/9/22,5.91
2008/9/23,5.94
2008/9/24,5.88
2008/9/25,5.92
2008/9/26,5.91
2008/9/29,5.76
2008/9/30,6.01
2008/10/1,6.02
2008/10/2,6.04
2008/10/3,5.98
2008/10/6,5.89
2008/10/7,5.97
2008/10/8,6.11
2008/10/9,6.19
2008/10/10,6.43
2008/10/13,.
2008/10/14,6.55
2008/10/15,6.32
2008/10/16,6.47
2008/10/17,6.55
2008/10/20,6.51
2008/10/21,6.44
2008/10/22,6.29
2008/10/23,6.11
2008/10/24,6.24
2008/10/27,6.27
2008/10/28,6.37
2008/10/29,6.43
2008/10/30,6.47
2008/10/31,6.54
2008/11/3,6.45
2008/11/4,6.36
2008/11/5,6.3
2008/11/6,6.33
2008/11/7,6.39
2008/11/10,6.34
2008/11/11,.
2008/11/12,6.3
2008/11/13,6.47
2008/11/14,6.35
2008/11/17,6.33
2008/11/18,6.15
2008/11/19,5.97
2008/11/20,5.69
2008/11/21,5.82
2008/11/24,5.92
2008/11/25,5.75
2008/11/26,5.72
2008/11/27,.
2008/11/28,5.6
2008/12/1,5.35
2008/12/2,5.32
2008/12/3,5.3
2008/12/4,5.25
2008/12/5,5.32
2008/12/8,5.36
2008/12/9,5.3
2008/12/10,5.39
2008/12/11,5.37
2008/12/12,5.35
2008/12/15,5.29
2008/12/16,5.16
2008/12/17,4.94
2008/12/18,4.72
2008/12/19,4.62
2008/12/22,4.66
2008/12/23,4.75
2008/12/24,4.75
2008/12/25,.
2008/12/26,4.72
2008/12/29,4.74
2008/12/30,4.64
2008/12/31,4.7
2009/1/1,.
2009/1/2,4.83
2009/1/5,5.05
2009/1/6,5.05
2009/1/7,5.05
2009/1/8,5.03
2009/1/9,5.02
2009/1/12,4.97
2009/1/13,4.96
2009/1/14,4.84
2009/1/15,4.82
2009/1/16,4.84
2009/1/19,.
2009/1/20,4.9
2009/1/21,5.09
2009/1/22,5.21
2009/1/23,5.18
2009/1/26,5.24
2009/1/27,5.05
2009/1/28,5.2
2009/1/29,5.32
2009/1/30,5.32
2009/2/2,5.19
2009/2/3,5.28
2009/2/4,5.34
2009/2/5,5.3
2009/2/6,5.35
2009/2/9,5.37
2009/2/10,5.22
2009/2/11,5.07
2009/2/12,5.09
2009/2/13,5.32
2009/2/16,.
2009/2/17,5.12
2009/2/18,5.19
2009/2/19,5.4
2009/2/20,5.28
2009/2/23,5.23
2009/2/24,5.21
2009/2/25,5.31
2009/2/26,5.36
2009/2/27,5.43
2009/3/2,5.41
2009/3/3,5.44
2009/3/4,5.46
2009/3/5,5.32
2009/3/6,5.38
2009/3/9,5.42
2009/3/10,5.54
2009/3/11,5.49
2009/3/12,5.47
2009/3/13,5.51
2009/3/16,5.7
2009/3/17,5.75
2009/3/18,5.51
2009/3/19,5.55
2009/3/20,5.59
2009/3/23,5.62
2009/3/24,5.44
2009/3/25,5.55
2009/3/26,5.48
2009/3/27,5.45
2009/3/30,5.43
2009/3/31,5.39
2009/4/1,5.32
2009/4/2,5.4
2009/4/3,5.5
2009/4/6,5.53
2009/4/7,5.5
2009/4/8,5.43
2009/4/9,5.43
2009/4/10,.
2009/4/13,5.33
2009/4/14,5.3
2009/4/15,5.29
2009/4/16,5.35
2009/4/17,5.33
2009/4/20,5.23
2009/4/21,5.29
2009/4/22,5.38
2009/4/23,5.34
2009/4/24,5.42
2009/4/27,5.39
2009/4/28,5.5
2009/4/29,5.46
2009/4/30,5.45
2009/5/1,5.5
2009/5/4,5.47
2009/5/5,5.39
2009/5/6,5.42
2009/5/7,5.6
2009/5/8,5.6
2009/5/11,5.51
2009/5/12,5.48
2009/5/13,5.41
2009/5/14,5.39
2009/5/15,5.41
2009/5/18,5.5
2009/5/19,5.53
2009/5/20,5.48
2009/5/21,5.63
2009/5/22,5.72
2009/5/25,.
2009/5/26,5.77
2009/5/27,5.88
2009/5/28,5.75
2009/5/29,5.36
2009/6/1,5.7
2009/6/2,5.62
2009/6/3,5.57
2009/6/4,5.72
2009/6/5,5.78
2009/6/8,5.76
2009/6/9,5.78
2009/6/10,5.87
2009/6/11,5.81
2009/6/12,5.76
2009/6/15,5.68
2009/6/16,5.63
2009/6/17,5.59
2009/6/18,5.62
2009/6/19,5.53
2009/6/22,5.48
2009/6/23,5.43
2009/6/24,5.49
2009/6/25,5.41
2009/6/26,5.36
2009/6/29,5.37
2009/6/30,5.37
2009/7/1,5.45
2009/7/2,5.4
2009/7/3,.
2009/7/6,5.43
2009/7/7,5.38
2009/7/8,5.24
2009/7/9,5.39
2009/7/10,5.28
2009/7/13,5.31
2009/7/14,5.43
2009/7/15,5.51
2009/7/16,5.45
2009/7/17,5.52
2009/7/20,5.46
2009/7/21,5.34
2009/7/22,5.43
2009/7/23,5.55
2009/7/24,5.5
2009/7/27,5.57
2009/7/28,5.5
2009/7/29,5.41
2009/7/30,5.33
2009/7/31,5.18
2009/8/3,5.29
2009/8/4,5.28
2009/8/5,5.36
2009/8/6,5.31
2009/8/7,5.46
2009/8/10,5.37
2009/8/11,5.31
2009/8/12,5.4
2009/8/13,5.29
2009/8/14,5.31
2009/8/17,5.24
2009/8/18,5.28
2009/8/19,5.21
2009/8/20,5.18
2009/8/21,5.3
2009/8/24,5.2
2009/8/25,5.14
2009/8/26,5.11
2009/8/27,5.14
2009/8/28,5.12
2009/8/31,5.12
2009/9/1,5.14
2009/9/2,5.04
2009/9/3,5.09
2009/9/4,5.21
2009/9/7,.
2009/9/8,5.25
2009/9/9,5.26
2009/9/10,5.1
2009/9/11,5.1
2009/9/14,5.13
2009/9/15,5.17
2009/9/16,5.17
2009/9/17,5.09
2009/9/18,5.19
2009/9/21,5.2
2009/9/22,5.16
2009/9/23,5.15
2009/9/24,5.13
2009/9/25,5.05
2009/9/28,5
2009/9/29,4.99
2009/9/30,5.04
2009/10/1,4.95
2009/10/2,5.03
2009/10/5,5.03
2009/10/6,5.06
2009/10/7,4.97
2009/10/8,5.07
2009/10/9,5.19
2009/10/12,.
2009/10/13,5.12
2009/10/14,5.24
2009/10/15,5.28
2009/10/16,5.2
2009/10/19,5.16
2009/10/20,5.11
2009/10/21,5.17
2009/10/22,5.19
2009/10/23,5.17
2009/10/26,5.31
2009/10/27,5.21
2009/10/28,5.16
2009/10/29,5.27
2009/10/30,5.16
2009/11/2,5.19
2009/11/3,5.24
2009/11/4,5.32
2009/11/5,5.33
2009/11/6,5.28
2009/11/9,5.29
2009/11/10,5.3
2009/11/11,.
2009/11/12,5.27
2009/11/13,5.24
2009/11/16,5.14
2009/11/17,5.13
2009/11/18,5.18
2009/11/19,5.17
2009/11/20,5.16
2009/11/23,5.11
2009/11/24,5.08
2009/11/25,5.06
2009/11/26,.
2009/11/27,5.03
2009/11/30,5.01
2009/12/1,5.09
2009/12/2,5.09
2009/12/3,5.14
2009/12/4,5.23
2009/12/7,5.22
2009/12/8,5.19
2009/12/9,5.22
2009/12/10,5.31
2009/12/11,5.31
2009/12/14,5.27
2009/12/15,5.33
2009/12/16,5.3
2009/12/17,5.18
2009/12/18,5.22
2009/12/21,5.3
2009/12/22,5.31
2009/12/23,5.3
2009/12/24,5.38
2009/12/25,.
2009/12/28,5.4
2009/12/29,5.34
2009/12/30,5.3
2009/12/31,5.33
2010/1/1,.
2010/1/4,5.35
2010/1/5,5.24
2010/1/6,5.3
2010/1/7,5.31
2010/1/8,5.32
2010/1/11,5.35
2010/1/12,5.25
2010/1/13,5.32
2010/1/14,5.17
2010/1/15,5.12
2010/1/18,.
2010/1/19,5.22
2010/1/20,5.24
2010/1/21,5.21
2010/1/22,5.21
2010/1/25,5.29
2010/1/26,5.3
2010/1/27,5.28
2010/1/28,5.3
2010/1/29,5.24
2010/2/1,5.3
2010/2/2,5.28
2010/2/3,5.36
2010/2/4,5.27
2010/2/5,5.24
2010/2/8,5.27
2010/2/9,5.32
2010/2/10,5.39
2010/2/11,5.43
2010/2/12,5.41
2010/2/15,.
2010/2/16,5.39
2010/2/17,5.46
2010/2/18,5.49
2010/2/19,5.43
2010/2/22,5.45
2010/2/23,5.33
2010/2/24,5.32
2010/2/25,5.26
2010/2/26,5.21
2010/3/1,5.22
2010/3/2,5.23
2010/3/3,5.25
2010/3/4,5.22
2010/3/5,5.29
2010/3/8,5.29
2010/3/9,5.29
2010/3/10,5.3
2010/3/11,5.28
2010/3/12,5.24
2010/3/15,5.25
2010/3/16,5.2
2010/3/17,5.18
2010/3/18,5.21
2010/3/19,5.2
2010/3/22,5.19
2010/3/23,5.22
2010/3/24,5.34
2010/3/25,5.4
2010/3/26,5.35
2010/3/29,5.37
2010/3/30,5.37
2010/3/31,5.32
2010/4/1,5.33
2010/4/2,5.4
2010/4/5,5.44
2010/4/6,5.45
2010/4/7,5.34
2010/4/8,5.35
2010/4/9,5.34
2010/4/12,5.29
2010/4/13,5.26
2010/4/14,5.31
2010/4/15,5.31
2010/4/16,5.25
2010/4/19,5.28
2010/4/20,5.27
2010/4/21,5.2
2010/4/22,5.23
2010/4/23,5.26
2010/4/26,5.27
2010/4/27,5.15
2010/4/28,5.24
2010/4/29,5.19
2010/4/30,5.13
2010/5/3,5.15
2010/5/4,5.06
2010/5/5,5.03
2010/5/6,4.8
2010/5/7,4.95
2010/5/10,5.07
2010/5/11,5.09
2010/5/12,5.13
2010/5/13,5.11
2010/5/14,4.97
2010/5/17,4.99
2010/5/18,4.89
2010/5/19,4.88
2010/5/20,4.83
2010/5/21,4.78
2010/5/24,4.83
2010/5/25,4.77
2010/5/26,4.89
2010/5/27,5.04
2010/5/28,5.01
2010/5/31,.
2010/6/1,4.95
2010/6/2,5.02
2010/6/3,5.05
2010/6/4,4.88
2010/6/7,4.89
2010/6/8,4.86
2010/6/9,4.88
2010/6/10,5
2010/6/11,4.89
2010/6/14,4.96
2010/6/15,4.99
2010/6/16,4.96
2010/6/17,4.86
2010/6/18,4.87
2010/6/21,4.89
2010/6/22,4.82
2010/6/23,4.82
2010/6/24,4.85
2010/6/25,4.83
2010/6/28,4.78
2010/6/29,4.71
2010/6/30,4.66
2010/7/1,4.62
2010/7/2,4.69
2010/7/5,.
2010/7/6,4.64
2010/7/7,4.71
2010/7/8,4.75
2010/7/9,4.79
2010/7/12,4.79
2010/7/13,4.86
2010/7/14,4.76
2010/7/15,4.68
2010/7/16,4.67
2010/7/19,4.7
2010/7/20,4.68
2010/7/21,4.61
2010/7/22,4.7
2010/7/23,4.74
2010/7/26,4.74
2010/7/27,4.81
2010/7/28,4.76
2010/7/29,4.8
2010/7/30,4.7
2010/8/2,4.78
2010/8/3,4.73
2010/8/4,4.75
2010/8/5,4.72
2010/8/6,4.65
2010/8/9,4.66
2010/8/10,4.68
2010/8/11,4.57
2010/8/12,4.58
2010/8/13,4.52
2010/8/16,4.36
2010/8/17,4.47
2010/8/18,4.43
2010/8/19,4.36
2010/8/20,4.36
2010/8/23,4.37
2010/8/24,4.27
2010/8/25,4.28
2010/8/26,4.24
2010/8/27,4.41
2010/8/30,4.34
2010/8/31,4.26
2010/9/1,4.38
2010/9/2,4.45
2010/9/3,4.5
2010/9/6,.
2010/9/7,4.39
2010/9/8,4.45
2010/9/9,4.56
2010/9/10,4.59
2010/9/13,4.57
2010/9/14,4.51
2010/9/15,4.59
2010/9/16,4.64
2010/9/17,4.63
2010/9/20,4.59
2010/9/21,4.57
2010/9/22,4.49
2010/9/23,4.52
2010/9/24,4.6
2010/9/27,4.51
2010/9/28,4.47
2010/9/29,4.51
2010/9/30,4.54
2010/10/1,4.57
2010/10/4,4.57
2010/10/5,4.58
2010/10/6,4.51
2010/10/7,4.56
2010/10/8,4.58
2010/10/11,.
2010/10/12,4.63
2010/10/13,4.66
2010/10/14,4.72
2010/10/15,4.81
2010/10/18,4.74
2010/10/19,4.7
2010/10/20,4.69
2010/10/21,4.71
2010/10/22,4.7
2010/10/25,4.69
2010/10/26,4.78
2010/10/27,4.8
2010/10/28,4.81
2010/10/29,4.75
2010/11/1,4.76
2010/11/2,4.66
2010/11/3,4.78
2010/11/4,4.75
2010/11/5,4.78
2010/11/8,4.79
2010/11/9,4.93
2010/11/10,4.92
2010/11/11,4.92
2010/11/12,4.95
2010/11/15,5.07
2010/11/16,4.95
2010/11/17,4.97
2010/11/18,4.98
2010/11/19,4.93
2010/11/22,4.89
2010/11/23,4.85
2010/11/24,4.98
2010/11/25,.
2010/11/26,4.88
2010/11/29,4.84
2010/11/30,4.79
2010/12/1,4.92
2010/12/2,4.95
2010/12/3,5
2010/12/6,4.93
2010/12/7,5.09
2010/12/8,5.07
2010/12/9,5.01
2010/12/10,5.03
2010/12/13,4.99
2010/12/14,5.15
2010/12/15,5.17
2010/12/16,5.14
2010/12/17,4.97
2010/12/20,5.01
2010/12/21,4.98
2010/12/22,5
2010/12/23,5.03
2010/12/24,.
2010/12/27,4.97
2010/12/28,5.1
2010/12/29,4.96
2010/12/30,4.98
2010/12/31,4.88
2011/1/3,4.93
2011/1/4,4.97
2011/1/5,5.09
2011/1/6,5.06
2011/1/7,5.02
2011/1/10,4.99
2011/1/11,4.99
2011/1/12,5.02
2011/1/13,5
2011/1/14,5.03
2011/1/17,.
2011/1/18,5.06
2011/1/19,5.02
2011/1/20,5.12
2011/1/21,5.07
2011/1/24,5.06
2011/1/25,4.98
2011/1/26,5.12
2011/1/27,5.09
2011/1/28,5.07
2011/1/31,5.12
2011/2/1,5.16
2011/2/2,5.18
2011/2/3,5.21
2011/2/4,5.28
2011/2/7,5.26
2011/2/8,5.31
2011/2/9,5.24
2011/2/10,5.31
2011/2/11,5.26
2011/2/14,5.21
2011/2/15,5.26
2011/2/16,5.27
2011/2/17,5.26
2011/2/18,5.29
2011/2/21,.
2011/2/22,5.2
2011/2/23,5.2
2011/2/24,5.14
2011/2/25,5.12
2011/2/28,5.09
2011/3/1,5.09
2011/3/2,5.16
2011/3/3,5.21
2011/3/4,5.17
2011/3/7,5.19
2011/3/8,5.24
2011/3/9,5.18
2011/3/10,5.13
2011/3/11,5.13
2011/3/14,5.12
2011/3/15,5.1
2011/3/16,5.02
2011/3/17,5.05
2011/3/18,5.07
2011/3/21,5.09
2011/3/22,5.08
2011/3/23,5.09
2011/3/24,5.11
2011/3/25,5.14
2011/3/28,5.12
2011/3/29,5.18
2011/3/30,5.16
2011/3/31,5.15
2011/4/1,5.13
2011/4/4,5.13
2011/4/5,5.15
2011/4/6,5.22
2011/4/7,5.22
2011/4/8,5.23
2011/4/11,5.23
2011/4/12,5.19
2011/4/13,5.16
2011/4/14,5.15
2011/4/15,5.08
2011/4/18,5.16
2011/4/19,5.13
2011/4/20,5.16
2011/4/21,5.18
2011/4/22,.
2011/4/25,5.16
2011/4/26,5.1
2011/4/27,5.17
2011/4/28,5.11
2011/4/29,5.09
2011/5/2,5.08
2011/5/3,5.03
2011/5/4,5
2011/5/5,4.94
2011/5/6,4.96
2011/5/9,4.97
2011/5/10,5
2011/5/11,4.96
2011/5/12,5.02
2011/5/13,4.97
2011/5/16,4.91
2011/5/17,4.86
2011/5/18,4.92
2011/5/19,4.96
2011/5/20,4.98
2011/5/23,4.95
2011/5/24,4.95
2011/5/25,4.97
2011/5/26,4.92
2011/5/27,4.95
2011/5/30,.
2011/5/31,4.94
2011/6/1,4.88
2011/6/2,4.99
2011/6/3,4.97
2011/6/6,5.01
2011/6/7,5.01
2011/6/8,4.95
2011/6/9,4.97
2011/6/10,4.93
2011/6/13,4.98
2011/6/14,5.06
2011/6/15,4.96
2011/6/16,4.92
2011/6/17,4.96
2011/6/20,4.96
2011/6/21,4.98
2011/6/22,4.98
2011/6/23,4.92
2011/6/24,4.93
2011/6/27,5.04
2011/6/28,5.09
2011/6/29,5.13
2011/6/30,5.14
2011/7/1,5.16
2011/7/4,.
2011/7/5,5.13
2011/7/6,5.08
2011/7/7,5.07
2011/7/8,4.98
2011/7/11,4.89
2011/7/12,4.87
2011/7/13,4.86
2011/7/14,4.92
2011/7/15,4.91
2011/7/18,4.95
2011/7/19,4.84
2011/7/20,4.91
2011/7/21,4.96
2011/7/22,4.88
2011/7/25,4.94
2011/7/26,4.88
2011/7/27,4.88
2011/7/28,4.84
2011/7/29,4.67
2011/8/1,4.59
2011/8/2,4.44
2011/8/3,4.42
2011/8/4,4.31
2011/8/5,4.41
2011/8/8,4.33
2011/8/9,4.24
2011/8/10,4.21
2011/8/11,4.46
2011/8/12,4.34
2011/8/15,4.4
2011/8/16,4.31
2011/8/17,4.37
2011/8/18,4.27
2011/8/19,4.22
2011/8/22,4.23
2011/8/23,4.33
2011/8/24,4.47
2011/8/25,4.45
2011/8/26,4.39
2011/8/29,4.48
2011/8/30,4.33
2011/8/31,4.41
2011/9/1,4.33
2011/9/2,4.13
2011/9/5,.
2011/9/6,4.08
2011/9/7,4.17
2011/9/8,4.13
2011/9/9,4.07
2011/9/12,4.06
2011/9/13,4.15
2011/9/14,4.14
2011/9/15,4.19
2011/9/16,4.18
2011/9/19,4.04
2011/9/20,4.05
2011/9/21,4.04
2011/9/22,3.84
2011/9/23,3.93
2011/9/26,4.06
2011/9/27,4.15
2011/9/28,4.1
2011/9/29,4.01
2011/9/30,3.96
2011/10/3,3.8
2011/10/4,3.79
2011/10/5,3.92
2011/10/6,3.99
2011/10/7,4.05
2011/10/10,.
2011/10/11,4.06
2011/10/12,4.13
2011/10/13,4.06
2011/10/14,4.13
2011/10/17,4
2011/10/18,3.96
2011/10/19,3.97
2011/10/20,3.98
2011/10/21,3.99
2011/10/24,4.01
2011/10/25,3.87
2011/10/26,3.95
2011/10/27,4.07
2011/10/28,3.97
2011/10/31,3.88
2011/11/1,3.73
2011/11/2,3.82
2011/11/3,3.9
2011/11/4,3.88
2011/11/7,3.82
2011/11/8,3.93
2011/11/9,3.84
2011/11/10,3.93
2011/11/11,.
2011/11/14,3.89
2011/11/15,3.93
2011/11/16,3.91
2011/11/17,3.83
2011/11/18,3.9
2011/11/21,3.84
2011/11/22,3.81
2011/11/23,3.72
2011/11/24,.
2011/11/25,3.85
2011/11/28,3.89
2011/11/29,3.96
2011/11/30,4.07
2011/12/1,4.1
2011/12/2,3.98
2011/12/5,4.03
2011/12/6,4.07
2011/12/7,4
2011/12/8,3.95
2011/12/9,4.05
2011/12/12,4.02
2011/12/13,3.98
2011/12/14,3.88
2011/12/15,3.9
2011/12/16,3.82
2011/12/19,3.76
2011/12/20,3.87
2011/12/21,3.9
2011/12/22,3.88
2011/12/23,3.98
2011/12/26,.
2011/12/27,3.94
2011/12/28,3.79
2011/12/29,3.8
2011/12/30,3.77
2012/1/2,.
2012/1/3,3.84
2012/1/4,3.89
2012/1/5,3.91
2012/1/6,3.85
2012/1/9,3.86
2012/1/10,3.86
2012/1/11,3.8
2012/1/12,3.9
2012/1/13,3.81
2012/1/16,.
2012/1/17,3.79
2012/1/18,3.78
2012/1/19,3.87
2012/1/20,3.86
2012/1/23,3.91
2012/1/24,3.92
2012/1/25,3.93
2012/1/26,3.88
2012/1/27,3.85
2012/1/30,3.77
2012/1/31,3.72
2012/2/1,3.8
2012/2/2,3.79
2012/2/3,3.93
2012/2/6,3.87
2012/2/7,3.92
2012/2/8,3.91
2012/2/9,3.91
2012/2/10,3.82
2012/2/13,3.86
2012/2/14,3.78
2012/2/15,3.81
2012/2/16,3.87
2012/2/17,3.87
2012/2/20,.
2012/2/21,3.9
2012/2/22,3.86
2012/2/23,3.84
2012/2/24,3.81
2012/2/27,3.78
2012/2/28,3.8
2012/2/29,3.8
2012/3/1,3.87
2012/3/2,3.83
2012/3/5,3.86
2012/3/6,3.82
2012/3/7,3.86
2012/3/8,3.91
2012/3/9,3.93
2012/3/12,3.9
2012/3/13,3.97
2012/3/14,4.14
2012/3/15,4.11
2012/3/16,4.11
2012/3/19,4.18
2012/3/20,4.16
2012/3/21,4.06
2012/3/22,4.04
2012/3/23,3.99
2012/3/26,4.01
2012/3/27,3.98
2012/3/28,3.99
2012/3/29,3.96
2012/3/30,4.04
2012/4/2,4.03
2012/4/3,4.1
2012/4/4,4.07
2012/4/5,4.02
2012/4/6,3.94
2012/4/9,3.91
2012/4/10,3.87
2012/4/11,3.98
2012/4/12,3.99
2012/4/13,3.93
2012/4/16,3.9
2012/4/17,3.94
2012/4/18,3.91
2012/4/19,3.93
2012/4/20,3.95
2012/4/23,3.92
2012/4/24,3.95
2012/4/25,3.98
2012/4/26,3.97
2012/4/27,3.95
2012/4/30,3.95
2012/5/1,4
2012/5/2,3.95
2012/5/3,3.95
2012/5/4,3.91
2012/5/7,3.9
2012/5/8,3.86
2012/5/9,3.87
2012/5/10,3.89
2012/5/11,3.84
2012/5/14,3.78
2012/5/15,3.76
2012/5/16,3.73
2012/5/17,3.63
2012/5/18,3.72
2012/5/21,3.73
2012/5/22,3.82
2012/5/23,3.71
2012/5/24,3.76
2012/5/25,3.76
2012/5/28,.
2012/5/29,3.75
2012/5/30,3.68
2012/5/31,3.63
2012/6/1,3.54
2012/6/4,3.58
2012/6/5,3.62
2012/6/6,3.71
2012/6/7,3.71
2012/6/8,3.71
2012/6/11,3.67
2012/6/12,3.72
2012/6/13,3.66
2012/6/14,3.66
2012/6/15,3.64
2012/6/18,3.63
2012/6/19,3.67
2012/6/20,3.64
2012/6/21,3.61
2012/6/22,3.67
2012/6/25,3.6
2012/6/26,3.59
2012/6/27,3.59
2012/6/28,3.56
2012/6/29,3.66
2012/7/2,3.58
2012/7/3,3.63
2012/7/4,.
2012/7/5,3.61
2012/7/6,3.56
2012/7/9,3.47
2012/7/10,3.44
2012/7/11,3.44
2012/7/12,3.41
2012/7/13,3.43
2012/7/16,3.39
2012/7/17,3.42
2012/7/18,3.35
2012/7/19,3.37
2012/7/20,3.3
2012/7/23,3.27
2012/7/24,3.23
2012/7/25,3.22
2012/7/26,3.25
2012/7/27,3.35
2012/7/30,3.29
2012/7/31,3.29
2012/8/1,3.32
2012/8/2,3.28
2012/8/3,3.39
2012/8/6,3.38
2012/8/7,3.45
2012/8/8,3.47
2012/8/9,3.48
2012/8/10,3.45
2012/8/13,3.46
2012/8/14,3.55
2012/8/15,3.64
2012/8/16,3.67
2012/8/17,3.65
2012/8/20,3.63
2012/8/21,3.61
2012/8/22,3.51
2012/8/23,3.47
2012/8/24,3.48
2012/8/27,3.43
2012/8/28,3.41
2012/8/29,3.41
2012/8/30,3.43
2012/8/31,3.36
2012/9/3,.
2012/9/4,3.39
2012/9/5,3.4
2012/9/6,3.46
2012/9/7,3.47
2012/9/10,3.48
2012/9/11,3.47
2012/9/12,3.56
2012/9/13,3.59
2012/9/14,3.67
2012/9/17,3.61
2012/9/18,3.59
2012/9/19,3.55
2012/9/20,3.5
2012/9/21,3.5
2012/9/24,3.45
2012/9/25,3.41
2012/9/26,3.33
2012/9/27,3.37
2012/9/28,3.42
2012/10/1,3.41
2012/10/2,3.39
2012/10/3,3.41
2012/10/4,3.47
2012/10/5,3.52
2012/10/8,.
2012/10/9,3.49
2012/10/10,3.44
2012/10/11,3.42
2012/10/12,3.4
2012/10/15,3.41
2012/10/16,3.48
2012/10/17,3.56
2012/10/18,3.56
2012/10/19,3.49
2012/10/22,3.5
2012/10/23,3.47
2012/10/24,3.49
2012/10/25,3.54
2012/10/26,3.48
2012/10/29,3.44
2012/10/30,.
2012/10/31,3.4
2012/11/1,3.45
2012/11/2,3.47
2012/11/5,3.42
2012/11/6,3.48
2012/11/7,3.4
2012/11/8,3.42
2012/11/9,3.4
2012/11/12,.
2012/11/13,3.41
2012/11/14,3.44
2012/11/15,3.49
2012/11/16,3.49
2012/11/19,3.53
2012/11/20,3.57
2012/11/21,3.6
2012/11/22,.
2012/11/23,3.6
2012/11/26,3.57
2012/11/27,3.56
2012/11/28,3.54
2012/11/29,3.56
2012/11/30,3.58
2012/12/3,3.59
2012/12/4,3.56
2012/12/5,3.56
2012/12/6,3.55
2012/12/7,3.6
2012/12/10,3.59
2012/12/11,3.62
2012/12/12,3.68
2012/12/13,3.69
2012/12/14,3.66
2012/12/17,3.71
2012/12/18,3.8
2012/12/19,3.74
2012/12/20,3.73
2012/12/21,3.66
2012/12/24,3.68
2012/12/25,.
2012/12/26,3.68
2012/12/27,3.62
2012/12/28,3.62
2012/12/31,3.67
2013/1/1,.
2013/1/2,3.77
2013/1/3,3.81
2013/1/4,3.81
2013/1/7,3.8
2013/1/8,3.77
2013/1/9,3.75
2013/1/10,3.78
2013/1/11,3.77
2013/1/14,3.76
2013/1/15,3.74
2013/1/16,3.74
2013/1/17,3.79
2013/1/18,3.75
2013/1/21,.
2013/1/22,3.74
2013/1/23,3.75
2013/1/24,3.76
2013/1/25,3.85
2013/1/28,3.87
2013/1/29,3.91
2013/1/30,3.93
2013/1/31,3.9
2013/2/1,3.93
2013/2/4,3.9
2013/2/5,3.94
2013/2/6,3.9
2013/2/7,3.88
2013/2/8,3.89
2013/2/11,3.87
2013/2/12,3.91
2013/2/13,3.94
2013/2/14,3.9
2013/2/15,3.91
2013/2/18,.
2013/2/19,3.95
2013/2/20,3.96
2013/2/21,3.91
2013/2/22,3.9
2013/2/25,3.84
2013/2/26,3.82
2013/2/27,3.85
2013/2/28,3.84
2013/3/1,3.83
2013/3/4,3.85
2013/3/5,3.87
2013/3/6,3.91
2013/3/7,3.96
2013/3/8,4.02
2013/3/11,4.02
2013/3/12,3.98
2013/3/13,3.98
2013/3/14,4.01
2013/3/15,3.99
2013/3/18,3.95
2013/3/19,3.9
2013/3/20,3.94
2013/3/21,3.93
2013/3/22,3.91
2013/3/25,3.92
2013/3/26,3.91
2013/3/27,3.87
2013/3/28,3.9
2013/3/29,.
2013/4/1,3.89
2013/4/2,3.9
2013/4/3,3.86
2013/4/4,3.79
2013/4/5,3.68
2013/4/8,3.72
2013/4/9,3.74
2013/4/10,3.79
2013/4/11,3.78
2013/4/12,3.7
2013/4/15,3.67
2013/4/16,3.7
2013/4/17,3.68
2013/4/18,3.65
2013/4/19,3.7
2013/4/22,3.7
2013/4/23,3.7
2013/4/24,3.7
2013/4/25,3.72
2013/4/26,3.67
2013/4/29,3.69
2013/4/30,3.7
2013/5/1,3.65
2013/5/2,3.64
2013/5/3,3.77
2013/5/6,3.78
2013/5/7,3.79
2013/5/8,3.78
2013/5/9,3.8
2013/5/10,3.89
2013/5/13,3.9
2013/5/14,3.93
2013/5/15,3.93
2013/5/16,3.85
2013/5/17,3.94
2013/5/20,3.94
2013/5/21,3.92
2013/5/22,3.98
2013/5/23,3.97
2013/5/24,3.94
2013/5/27,.
2013/5/28,4.06
2013/5/29,4.04
2013/5/30,4.06
2013/5/31,4.09
2013/6/3,4.06
2013/6/4,4.1
2013/6/5,4.07
2013/6/6,4.1
2013/6/7,4.19
2013/6/10,4.24
2013/6/11,4.24
2013/6/12,4.28
2013/6/13,4.23
2013/6/14,4.19
2013/6/17,4.24
2013/6/18,4.23
2013/6/19,4.3
2013/6/20,4.44
2013/6/21,4.43
2013/6/24,4.46
2013/6/25,4.46
2013/6/26,4.43
2013/6/27,4.38
2013/6/28,4.32
2013/7/1,4.3
2013/7/2,4.28
2013/7/3,4.28
2013/7/4,.
2013/7/5,4.45
2013/7/8,4.36
2013/7/9,4.37
2013/7/10,4.42
2013/7/11,4.34
2013/7/12,4.37
2013/7/15,4.33
2013/7/16,4.3
2013/7/17,4.29
2013/7/18,4.35
2013/7/19,4.3
2013/7/22,4.29
2013/7/23,4.31
2013/7/24,4.37
2013/7/25,4.38
2013/7/26,4.33
2013/7/29,4.37
2013/7/30,4.4
2013/7/31,4.38
2013/8/1,4.51
2013/8/2,4.42
2013/8/5,4.46
2013/8/6,4.47
2013/8/7,4.42
2013/8/8,4.41
2013/8/9,4.41
2013/8/12,4.45
2013/8/13,4.54
2013/8/14,4.53
2013/8/15,4.6
2013/8/16,4.66
2013/8/19,4.71
2013/8/20,4.66
2013/8/21,4.69
2013/8/22,4.69
2013/8/23,4.6
2013/8/26,4.6
2013/8/27,4.51
2013/8/28,4.58
2013/8/29,4.52
2013/8/30,4.49
2013/9/2,.
2013/9/3,4.61
2013/9/4,4.63
2013/9/5,4.72
2013/9/6,4.72
2013/9/9,4.68
2013/9/10,4.73
2013/9/11,4.71
2013/9/12,4.69
2013/9/13,4.69
2013/9/16,4.72
2013/9/17,4.71
2013/9/18,4.63
2013/9/19,4.66
2013/9/20,4.62
2013/9/23,4.6
2013/9/24,4.53
2013/9/25,4.5
2013/9/26,4.55
2013/9/27,4.54
2013/9/30,4.56
2013/10/1,4.59
2013/10/2,4.58
2013/10/3,4.57
2013/10/4,4.6
2013/10/7,4.57
2013/10/8,4.56
2013/10/9,4.59
2013/10/10,4.59
2013/10/11,4.58
2013/10/14,.
2013/10/15,4.62
2013/10/16,4.57
2013/10/17,4.5
2013/10/18,4.5
2013/10/21,4.53
2013/10/22,4.45
2013/10/23,4.43
2013/10/24,4.46
2013/10/25,4.44
2013/10/28,4.45
2013/10/29,4.47
2013/10/30,4.48
2013/10/31,4.48
2013/11/1,4.54
2013/11/4,4.54
2013/11/5,4.6
2013/11/6,4.61
2013/11/7,4.57
2013/11/8,4.69
2013/11/11,.
2013/11/12,4.7
2013/11/13,4.67
2013/11/14,4.65
2013/11/15,4.65
2013/11/18,4.58
2013/11/19,4.62
2013/11/20,4.72
2013/11/21,4.7
2013/11/22,4.65
2013/11/25,4.65
2013/11/26,4.59
2013/11/27,4.62
2013/11/28,.
2013/11/29,4.62
2013/12/2,4.67
2013/12/3,4.65
2013/12/4,4.71
2013/12/5,4.72
2013/12/6,4.72
2013/12/9,4.7
2013/12/10,4.64
2013/12/11,4.66
2013/12/12,4.66
2013/12/13,4.63
2013/12/16,4.65
2013/12/17,4.63
2013/12/18,4.63
2013/12/19,4.57
2013/12/20,4.49
2013/12/23,4.51
2013/12/24,4.57
2013/12/25,.
2013/12/26,4.59
2013/12/27,4.57
2013/12/30,4.53
2013/12/31,4.57
2014/1/1,.
2014/1/2,4.55
2014/1/3,4.56
2014/1/6,4.53
2014/1/7,4.51
2014/1/8,4.53
2014/1/9,4.56
2014/1/10,4.5
2014/1/13,4.47
2014/1/14,4.5
2014/1/15,4.5
2014/1/16,4.48
2014/1/17,4.47
2014/1/20,.
2014/1/21,4.46
2014/1/22,4.48
2014/1/23,4.43
2014/1/24,4.45
2014/1/27,4.48
2014/1/28,4.48
2014/1/29,4.43
2014/1/30,4.44
2014/1/31,4.43
2014/2/3,4.35
2014/2/4,4.42
2014/2/5,4.48
2014/2/6,4.5
2014/2/7,4.49
2014/2/10,4.48
2014/2/11,4.5
2014/2/12,4.54
2014/2/13,4.49
2014/2/14,4.5
2014/2/17,.
2014/2/18,4.47
2014/2/19,4.5
2014/2/20,4.52
2014/2/21,4.44
2014/2/24,4.45
2014/2/25,4.39
2014/2/26,4.37
2014/2/27,4.33
2014/2/28,4.32
2014/3/3,4.29
2014/3/4,4.37
2014/3/5,4.38
2014/3/6,4.42
2014/3/7,4.46
2014/3/10,4.46
2014/3/11,4.46
2014/3/12,4.42
2014/3/13,4.35
2014/3/14,4.37
2014/3/17,4.41
2014/3/18,4.41
2014/3/19,4.45
2014/3/20,4.44
2014/3/21,4.39
2014/3/24,4.35
2014/3/25,4.36
2014/3/26,4.33
2014/3/27,4.29
2014/3/28,4.31
2014/3/31,4.32
2014/4/1,4.3
2014/4/2,4.34
2014/4/3,4.32
2014/4/4,4.28
2014/4/7,4.25
2014/4/8,4.25
2014/4/9,4.26
2014/4/10,4.24
2014/4/11,4.21
2014/4/14,4.22
2014/4/15,4.2
2014/4/16,4.19
2014/4/17,4.25
2014/4/18,.
2014/4/21,4.26
2014/4/22,4.24
2014/4/23,4.21
2014/4/24,4.2
2014/4/25,4.18
2014/4/28,4.2
2014/4/29,4.24
2014/4/30,4.21
2014/5/1,4.16
2014/5/2,4.12
2014/5/5,4.16
2014/5/6,4.13
2014/5/7,4.16
2014/5/8,4.17
2014/5/9,4.21
2014/5/12,4.24
2014/5/13,4.2
2014/5/14,4.12
2014/5/15,4.08
2014/5/16,4.09
2014/5/19,4.15
2014/5/20,4.15
2014/5/21,4.19
2014/5/22,4.23
2014/5/23,4.19
2014/5/26,.
2014/5/27,4.21
2014/5/28,4.13
2014/5/29,4.15
2014/5/30,4.16
2014/6/2,4.22
2014/6/3,4.28
2014/6/4,4.28
2014/6/5,4.27
2014/6/6,4.28
2014/6/9,4.29
2014/6/10,4.31
2014/6/11,4.31
2014/6/12,4.25
2014/6/13,4.26
2014/6/16,4.24
2014/6/17,4.29
2014/6/18,4.26
2014/6/19,4.3
2014/6/20,4.26
2014/6/23,4.25
2014/6/24,4.22
2014/6/25,4.2
2014/6/26,4.15
2014/6/27,4.17
2014/6/30,4.15
2014/7/1,4.22
2014/7/2,4.27
2014/7/3,4.28
2014/7/4,.
2014/7/7,4.24
2014/7/8,4.18
2014/7/9,4.16
2014/7/10,4.19
2014/7/11,4.17
2014/7/14,4.19
2014/7/15,4.19
2014/7/16,4.17
2014/7/17,4.11
2014/7/18,4.13
2014/7/21,4.1
2014/7/22,4.09
2014/7/23,4.12
2014/7/24,4.17
2014/7/25,4.12
2014/7/28,4.1
2014/7/29,4.06
2014/7/30,4.15
2014/7/31,4.15
2014/8/1,4.18
2014/8/4,4.18
2014/8/5,4.15
2014/8/6,4.16
2014/8/7,4.11
2014/8/8,4.09
2014/8/11,4.1
2014/8/12,4.14
2014/8/13,4.11
2014/8/14,4.06
2014/8/15,4
2014/8/18,4.06
2014/8/19,4.11
2014/8/20,4.11
2014/8/21,4.08
2014/8/22,4.03
2014/8/25,4.01
2014/8/26,4.03
2014/8/27,3.99
2014/8/28,3.94
2014/8/29,3.95
2014/9/1,.
2014/9/2,4
2014/9/3,3.98
2014/9/4,4.03
2014/9/5,4.1
2014/9/8,4.08
2014/9/9,4.09
2014/9/10,4.13
2014/9/11,4.12
2014/9/12,4.22
2014/9/15,4.21
2014/9/16,4.22
2014/9/17,4.22
2014/9/18,4.22
2014/9/19,4.16
2014/9/22,4.15
2014/9/23,4.1
2014/9/24,4.13
2014/9/25,4.06
2014/9/26,4.06
2014/9/29,4.02
2014/9/30,4.05
2014/10/1,3.95
2014/10/2,3.99
2014/10/3,3.98
2014/10/6,3.98
2014/10/7,3.91
2014/10/8,3.92
2014/10/9,3.92
2014/10/10,3.89
2014/10/13,.
2014/10/14,3.81
2014/10/15,3.78
2014/10/16,3.84
2014/10/17,3.87
2014/10/20,3.89
2014/10/21,3.92
2014/10/22,3.93
2014/10/23,3.96
2014/10/24,3.97
2014/10/27,3.95
2014/10/28,3.96
2014/10/29,3.93
2014/10/30,3.88
2014/10/31,3.9
2014/11/3,3.9
2014/11/4,3.89
2014/11/5,3.9
2014/11/6,3.93
2014/11/7,3.88
2014/11/10,3.92
2014/11/11,.
2014/11/12,3.95
2014/11/13,3.97
2014/11/14,3.94
2014/11/17,3.95
2014/11/18,3.96
2014/11/19,3.98
2014/11/20,3.97
2014/11/21,3.94
2014/11/24,3.94
2014/11/25,3.88
2014/11/26,3.86
2014/11/27,.
2014/11/28,3.83
2014/12/1,3.86
2014/12/2,3.93
2014/12/3,3.92
2014/12/4,3.89
2014/12/5,3.9
2014/12/8,3.82
2014/12/9,3.79
2014/12/10,3.75
2014/12/11,3.74
2014/12/12,3.67
2014/12/15,3.7
2014/12/16,3.7
2014/12/17,3.75
2014/12/18,3.8
2014/12/19,3.77
2014/12/22,3.73
2014/12/23,3.83
2014/12/24,3.81
2014/12/25,.
2014/12/26,3.79
2014/12/29,3.75
2014/12/30,3.73
2014/12/31,3.72
2015/1/1,.
2015/1/2,3.67
2015/1/5,3.59
2015/1/6,3.5
2015/1/7,3.51
2015/1/8,3.57
2015/1/9,3.53
2015/1/12,3.47
2015/1/13,3.49
2015/1/14,3.46
2015/1/15,3.44
2015/1/16,3.46
2015/1/19,.
2015/1/20,3.42
2015/1/21,3.46
2015/1/22,3.51
2015/1/23,3.39
2015/1/26,3.41
2015/1/27,3.42
2015/1/28,3.33
2015/1/29,3.35
2015/1/30,3.29
2015/2/2,3.29
2015/2/3,3.42
2015/2/4,3.43
2015/2/5,3.46
2015/2/6,3.52
2015/2/9,3.52
2015/2/10,3.64
2015/2/11,3.63
2015/2/12,3.64
2015/2/13,3.67
2015/2/16,.
2015/2/17,3.78
2015/2/18,3.73
2015/2/19,3.77
2015/2/20,3.78
2015/2/23,3.7
2015/2/24,3.65
2015/2/25,3.61
2015/2/26,3.64
2015/2/27,3.64
2015/3/2,3.7
2015/3/3,3.73
2015/3/4,3.73
2015/3/5,3.71
2015/3/6,3.81
2015/3/9,3.78
2015/3/10,3.7
2015/3/11,3.67
2015/3/12,3.67
2015/3/13,3.7
2015/3/16,3.7
2015/3/17,3.67
2015/3/18,3.6
2015/3/19,3.58
2015/3/20,3.55
2015/3/23,3.54
2015/3/24,3.5
2015/3/25,3.52
2015/3/26,3.61
2015/3/27,3.53
2015/3/30,3.55
2015/3/31,3.52
2015/4/1,3.45
2015/4/2,3.49
2015/4/3,3.43
2015/4/6,3.51
2015/4/7,3.47
2015/4/8,3.45
2015/4/9,3.53
2015/4/10,3.53
2015/4/13,3.52
2015/4/14,3.47
2015/4/15,3.48
2015/4/16,3.47
2015/4/17,3.43
2015/4/20,3.5
2015/4/21,3.51
2015/4/22,3.58
2015/4/23,3.56
2015/4/24,3.55
2015/4/27,3.54
2015/4/28,3.6
2015/4/29,3.69
2015/4/30,3.74
2015/5/1,3.82
2015/5/4,3.86
2015/5/5,3.9
2015/5/6,3.98
2015/5/7,3.92
2015/5/8,3.91
2015/5/11,4.03
2015/5/12,4.01
2015/5/13,4.05
2015/5/14,4.04
2015/5/15,3.95
2015/5/18,4.05
2015/5/19,4.07
2015/5/20,4.09
2015/5/21,4.06
2015/5/22,4.07
2015/5/25,.
2015/5/26,3.98
2015/5/27,3.94
2015/5/28,3.95
2015/5/29,3.94
2015/6/1,4.05
2015/6/2,4.11
2015/6/3,4.19
2015/6/4,4.12
2015/6/5,4.19
2015/6/8,4.19
2015/6/9,4.23
2015/6/10,4.26
2015/6/11,4.17
2015/6/12,4.16
2015/6/15,4.19
2015/6/16,4.15
2015/6/17,4.15
2015/6/18,4.22
2015/6/19,4.14
2015/6/22,4.24
2015/6/23,4.28
2015/6/24,4.22
2015/6/25,4.23
2015/6/26,4.33
2015/6/29,4.19
2015/6/30,4.19
2015/7/1,4.26
2015/7/2,4.26
2015/7/3,.
2015/7/6,4.14
2015/7/7,4.09
2015/7/8,4.07
2015/7/9,4.18
2015/7/10,4.29
2015/7/13,4.27
2015/7/14,4.26
2015/7/15,4.2
2015/7/16,4.19
2015/7/17,4.16
2015/7/20,4.18
2015/7/21,4.18
2015/7/22,4.13
2015/7/23,4.08
2015/7/24,4.07
2015/7/27,4.04
2015/7/28,4.06
2015/7/29,4.09
2015/7/30,4.05
2015/7/31,4.07
2015/8/3,3.99
2015/8/4,4.02
2015/8/5,4.08
2015/8/6,4.06
2015/8/7,3.96
2015/8/10,4.06
2015/8/11,3.96
2015/8/12,4
2015/8/13,4.04
2015/8/14,4.03
2015/8/17,3.99
2015/8/18,4.04
2015/8/19,4
2015/8/20,3.97
2015/8/21,3.95
2015/8/24,3.94
2015/8/25,4.08
2015/8/26,4.17
2015/8/27,4.14
2015/8/28,4.12
2015/8/31,4.15
2015/9/1,4.15
2015/9/2,4.16
2015/9/3,4.13
2015/9/4,4.03
2015/9/7,.
2015/9/8,4.11
2015/9/9,4.09
2015/9/10,4.13
2015/9/11,4.04
2015/9/14,4.04
2015/9/15,4.18
2015/9/16,4.18
2015/9/17,4.09
2015/9/18,3.99
2015/9/21,4.11
2015/9/22,4.01
2015/9/23,4
2015/9/24,3.99
2015/9/25,4.05
2015/9/28,3.99
2015/9/29,3.97
2015/9/30,4
2015/10/1,3.98
2015/10/2,3.95
2015/10/5,4.04
2015/10/6,4
2015/10/7,3.98
2015/10/8,4.04
2015/10/9,3.99
2015/10/12,.
2015/10/13,3.93
2015/10/14,3.9
2015/10/15,3.93
2015/10/16,3.92
2015/10/19,3.94
2015/10/20,3.95
2015/10/21,3.9
2015/10/22,3.89
2015/10/23,3.93
2015/10/26,3.9
2015/10/27,3.89
2015/10/28,3.91
2015/10/29,4.04
2015/10/30,3.98
2015/11/2,4.01
2015/11/3,4.06
2015/11/4,4.05
2015/11/5,4.05
2015/11/6,4.1
2015/11/9,4.12
2015/11/10,4.11
2015/11/11,.
2015/11/12,4.11
2015/11/13,4.09
2015/11/16,4.11
2015/11/17,4.08
2015/11/18,4.08
2015/11/19,4.04
2015/11/20,4.04
2015/11/23,4.01
2015/11/24,4.01
2015/11/25,4
2015/11/26,.
2015/11/27,4
2015/11/30,3.99
2015/12/1,3.92
2015/12/2,3.89
2015/12/3,4.06
2015/12/4,3.99
2015/12/7,3.95
2015/12/8,3.95
2015/12/9,3.96
2015/12/10,3.96
2015/12/11,3.91
2015/12/14,4.01
2015/12/15,4
2015/12/16,4.01
2015/12/17,3.94
2015/12/18,3.91
2015/12/21,3.93
2015/12/22,3.97
2015/12/23,3.99
2015/12/24,3.96
2015/12/25,.
2015/12/28,3.93
2015/12/29,4.04
2015/12/30,4.03
2015/12/31,4.04
2016/1/1,.
2016/1/4,4.03
2016/1/5,4.02
2016/1/6,3.94
2016/1/7,3.95
2016/1/8,3.95
2016/1/11,3.99
2016/1/12,3.92
2016/1/13,3.89
2016/1/14,3.96
2016/1/15,3.99
2016/1/18,.
2016/1/19,4
2016/1/20,4.05
2016/1/21,4.06
2016/1/22,4.02
2016/1/25,4.04
2016/1/26,4.03
2016/1/27,4.07
2016/1/28,4.07
2016/1/29,4.05
2016/2/1,4.08
2016/2/2,4.01
2016/2/3,4.06
2016/2/4,4
2016/2/5,3.98
2016/2/8,3.87
2016/2/9,3.92
2016/2/10,3.92
2016/2/11,3.89
2016/2/12,3.98
2016/2/15,.
2016/2/16,4.01
2016/2/17,4.05
2016/2/18,4.01
2016/2/19,3.96
2016/2/22,3.97
2016/2/23,3.93
2016/2/24,3.91
2016/2/25,3.85
2016/2/26,3.88
2016/2/29,3.84
2016/3/1,3.91
2016/3/2,3.9
2016/3/3,3.89
2016/3/4,3.92
2016/3/7,3.91
2016/3/8,3.85
2016/3/9,3.89
2016/3/10,3.88
2016/3/11,3.86
2016/3/14,3.82
2016/3/15,3.79
2016/3/16,3.81
2016/3/17,3.79
2016/3/18,3.77
2016/3/21,3.83
2016/3/22,3.79
2016/3/23,3.74
2016/3/24,3.77
2016/3/25,.
2016/3/28,3.74
2016/3/29,3.71
2016/3/30,3.76
2016/3/31,3.72
2016/4/1,3.72
2016/4/4,3.71
2016/4/5,3.63
2016/4/6,3.64
2016/4/7,3.58
2016/4/8,3.61
2016/4/11,3.61
2016/4/12,3.65
2016/4/13,3.6
2016/4/14,3.62
2016/4/15,3.59
2016/4/18,3.61
2016/4/19,3.52
2016/4/20,3.57
2016/4/21,3.57
2016/4/22,3.59
2016/4/25,3.62
2016/4/26,3.65
2016/4/27,3.59
2016/4/28,3.63
2016/4/29,3.63
2016/5/2,3.68
2016/5/3,3.65
2016/5/4,3.66
2016/5/5,3.63
2016/5/6,3.67
2016/5/9,3.66
2016/5/10,3.65
2016/5/11,3.61
2016/5/12,3.64
2016/5/13,3.57
2016/5/16,3.62
2016/5/17,3.61
2016/5/18,3.71
2016/5/19,3.66
2016/5/20,3.67
2016/5/23,3.68
2016/5/24,3.68
2016/5/25,3.69
2016/5/26,3.63
2016/5/27,3.65
2016/5/30,.
2016/5/31,3.63
2016/6/1,3.63
2016/6/2,3.59
2016/6/3,3.51
2016/6/6,3.54
2016/6/7,3.53
2016/6/8,3.52
2016/6/9,3.49
2016/6/10,3.48
2016/6/13,3.47
2016/6/14,3.45
2016/6/15,3.43
2016/6/16,3.43
2016/6/17,3.47
2016/6/20,3.5
2016/6/21,3.57
2016/6/22,3.56
2016/6/23,3.62
2016/6/24,3.55
2016/6/27,3.42
2016/6/28,3.42
2016/6/29,3.37
2016/6/30,3.39
2016/7/1,3.34
2016/7/4,.
2016/7/5,3.22
2016/7/6,3.23
2016/7/7,3.22
2016/7/8,3.18
2016/7/11,3.22
2016/7/12,3.3
2016/7/13,3.24
2016/7/14,3.28
2016/7/15,3.33
2016/7/18,3.34
2016/7/19,3.31
2016/7/20,3.34
2016/7/21,3.35
2016/7/22,3.34
2016/7/25,3.3
2016/7/26,3.31
2016/7/27,3.29
2016/7/28,3.3
2016/7/29,3.25
2016/8/1,3.32
2016/8/2,3.37
2016/8/3,3.46
2016/8/4,3.42
2016/8/5,3.42
2016/8/8,3.41
2016/8/9,3.37
2016/8/10,3.3
2016/8/11,3.33
2016/8/12,3.28
2016/8/15,3.33
2016/8/16,3.34
2016/8/17,3.31
2016/8/18,3.28
2016/8/19,3.3
2016/8/22,3.25
2016/8/23,3.25
2016/8/24,3.25
2016/8/25,3.27
2016/8/26,3.3
2016/8/29,3.22
2016/8/30,3.24
2016/8/31,3.24
2016/9/1,3.24
2016/9/2,3.28
2016/9/5,.
2016/9/6,3.25
2016/9/7,3.28
2016/9/8,3.36
2016/9/9,3.43
2016/9/12,3.43
2016/9/13,3.51
2016/9/14,3.5
2016/9/15,3.52
2016/9/16,3.51
2016/9/19,3.5
2016/9/20,3.5
2016/9/21,3.47
2016/9/22,3.44
2016/9/23,3.44
2016/9/26,3.43
2016/9/27,3.39
2016/9/28,3.39
2016/9/29,3.37
2016/9/30,3.44
2016/10/3,3.43
2016/10/4,3.49
2016/10/5,3.51
2016/10/6,3.53
2016/10/7,3.5
2016/10/10,.
2016/10/11,3.52
2016/10/12,3.51
2016/10/13,3.48
2016/10/14,3.56
2016/10/17,3.52
2016/10/18,3.48
2016/10/19,3.47
2016/10/20,3.46
2016/10/21,3.45
2016/10/24,3.48
2016/10/25,3.47
2016/10/26,3.52
2016/10/27,3.59
2016/10/28,3.64
2016/10/31,3.61
2016/11/1,3.6
2016/11/2,3.61
2016/11/3,3.65
2016/11/4,3.62
2016/11/7,3.67
2016/11/8,3.7
2016/11/9,3.85
2016/11/10,3.87
2016/11/11,.
2016/11/14,3.97
2016/11/15,3.91
2016/11/16,3.86
2016/11/17,3.96
2016/11/18,3.99
2016/11/21,4
2016/11/22,4.01
2016/11/23,4.02
2016/11/24,.
2016/11/25,4.02
2016/11/28,3.98
2016/11/29,3.95
2016/11/30,4.01
2016/12/1,4.08
2016/12/2,4.03
2016/12/5,4.02
2016/12/6,4.04
2016/12/7,4
2016/12/8,4.05
2016/12/9,4.12
2016/12/12,4.11
2016/12/13,4.09
2016/12/14,4.08
2016/12/15,4.07
2016/12/16,4.11
2016/12/19,4.05
2016/12/20,4.09
2016/12/21,4.05
2016/12/22,4.06
2016/12/23,4.04
2016/12/26,.
2016/12/27,4.07
2016/12/28,4.01
2016/12/29,4.01
2016/12/30,3.98
2017/1/2,.
2017/1/3,3.94
2017/1/4,3.93
2017/1/5,3.85
2017/1/6,3.91
2017/1/9,3.88
2017/1/10,3.87
2017/1/11,3.84
2017/1/12,3.86
2017/1/13,3.9
2017/1/16,.
2017/1/17,3.84
2017/1/18,3.91
2017/1/19,3.95
2017/1/20,3.97
2017/1/23,3.91
2017/1/24,3.96
2017/1/25,4.02
2017/1/26,4
2017/1/27,3.95
2017/1/30,3.95
2017/1/31,3.99
2017/2/1,4.01
2017/2/2,4
2017/2/3,4.04
2017/2/6,3.97
2017/2/7,3.96
2017/2/8,3.91
2017/2/9,3.94
2017/2/10,3.97
2017/2/13,3.98
2017/2/14,4
2017/2/15,4.01
2017/2/16,3.98
2017/2/17,3.95
2017/2/20,.
2017/2/21,3.95
2017/2/22,3.94
2017/2/23,3.91
2017/2/24,3.85
2017/2/27,3.87
2017/2/28,3.84
2017/3/1,3.95
2017/3/2,3.95
2017/3/3,3.95
2017/3/6,3.98
2017/3/7,4
2017/3/8,4.07
2017/3/9,4.11
2017/3/10,4.11
2017/3/13,4.13
2017/3/14,4.13
2017/3/15,4.07
2017/3/16,4.08
2017/3/17,4.06
2017/3/20,4.03
2017/3/21,3.99
2017/3/22,3.96
2017/3/23,3.97
2017/3/24,3.94
2017/3/27,3.92
2017/3/28,3.95
2017/3/29,3.92
2017/3/30,3.94
2017/3/31,3.94
2017/4/3,3.91
2017/4/4,3.93
2017/4/5,3.94
2017/4/6,3.92
2017/4/7,3.93
2017/4/10,3.91
2017/4/11,3.85
2017/4/12,3.85
2017/4/13,3.83
2017/4/14,.
2017/4/17,3.86
2017/4/18,3.77
2017/4/19,3.8
2017/4/20,3.82
2017/4/21,3.83
2017/4/24,3.85
2017/4/25,3.89
2017/4/26,3.88
2017/4/27,3.87
2017/4/28,3.85
2017/5/1,3.92
2017/5/2,3.88
2017/5/3,3.85
2017/5/4,3.89
2017/5/5,3.9
2017/5/8,3.92
2017/5/9,3.94
2017/5/10,3.94
2017/5/11,3.92
2017/5/12,3.86
2017/5/15,3.87
2017/5/16,3.85
2017/5/17,3.77
2017/5/18,3.78
2017/5/19,3.8
2017/5/22,3.81
2017/5/23,3.84
2017/5/24,3.83
2017/5/25,3.82
2017/5/26,3.81
2017/5/29,.
2017/5/30,3.78
2017/5/31,3.75
2017/6/1,3.76
2017/6/2,3.7
2017/6/5,3.72
2017/6/6,3.69
2017/6/7,3.73
2017/6/8,3.74
2017/6/9,3.74
2017/6/12,3.76
2017/6/13,3.76
2017/6/14,3.66
2017/6/15,3.67
2017/6/16,3.67
2017/6/19,3.67
2017/6/20,3.61
2017/6/21,3.6
2017/6/22,3.6
2017/6/23,3.6
2017/6/26,3.58
2017/6/27,3.62
2017/6/28,3.66
2017/6/29,3.68
2017/6/30,3.71
2017/7/3,3.72
2017/7/4,.
2017/7/5,3.72
2017/7/6,3.75
2017/7/7,3.79
2017/7/10,3.78
2017/7/11,3.74
2017/7/12,3.72
2017/7/13,3.75
2017/7/14,3.71
2017/7/17,3.69
2017/7/18,3.65
2017/7/19,3.65
2017/7/20,3.63
2017/7/21,3.61
2017/7/24,3.61
2017/7/25,3.69
2017/7/26,3.68
2017/7/27,3.71
2017/7/28,3.68
2017/7/31,3.68
2017/8/1,3.64
2017/8/2,3.63
2017/8/3,3.6
2017/8/4,3.65
2017/8/7,3.65
2017/8/8,3.68
2017/8/9,3.63
2017/8/10,3.62
2017/8/11,3.63
2017/8/14,3.65
2017/8/15,3.68
2017/8/16,3.64
2017/8/17,3.64
2017/8/18,3.64
2017/8/21,3.62
2017/8/22,3.66
2017/8/23,3.62
2017/8/24,3.64
2017/8/25,3.62
2017/8/28,3.62
2017/8/29,3.62
2017/8/30,3.62
2017/8/31,3.59
2017/9/1,3.64
2017/9/4,.
2017/9/5,3.57
2017/9/6,3.61
2017/9/7,3.6
2017/9/8,3.6
2017/9/11,3.65
2017/9/12,3.66
2017/9/13,3.67
2017/9/14,3.65
2017/9/15,3.63
2017/9/18,3.67
2017/9/19,3.67
2017/9/20,3.67
2017/9/21,3.62
2017/9/22,3.62
2017/9/25,3.58
2017/9/26,3.58
2017/9/27,3.64
2017/9/28,3.64
2017/9/29,3.62
2017/10/2,3.61
2017/10/3,3.61
2017/10/4,3.59
2017/10/5,3.61
2017/10/6,3.63
2017/10/9,3.63
2017/10/10,3.61
2017/10/11,3.6
2017/10/12,3.58
2017/10/13,3.54
2017/10/16,3.56
2017/10/17,3.54
2017/10/18,3.58
2017/10/19,3.55
2017/10/20,3.6
2017/10/23,3.6
2017/10/24,3.63
2017/10/25,3.64
2017/10/26,3.65
2017/10/27,3.63
2017/10/30,3.58
2017/10/31,3.58
2017/11/1,3.56
2017/11/2,3.53
2017/11/3,3.53
2017/11/6,3.51
2017/11/7,3.5
2017/11/8,3.57
2017/11/9,3.6
2017/11/10,.
2017/11/13,3.69
2017/11/14,3.66
2017/11/15,3.6
2017/11/16,3.62
2017/11/17,3.61
2017/11/20,3.6
2017/11/21,3.56
2017/11/22,3.52
2017/11/23,.
2017/11/24,3.53
2017/11/27,3.53
2017/11/28,3.55
2017/11/29,3.6
2017/11/30,3.61
2017/12/1,3.52
2017/12/4,3.52
2017/12/5,3.48
2017/12/6,3.48
2017/12/7,3.53
2017/12/8,3.54
2017/12/11,3.52
2017/12/12,3.52
2017/12/13,3.48
2017/12/14,3.46
2017/12/15,3.43
2017/12/18,3.48
2017/12/19,3.56
2017/12/20,3.6
2017/12/21,3.55
2017/12/22,3.55
2017/12/25,.
2017/12/26,3.53
2017/12/27,3.47
2017/12/28,3.48
2017/12/29,3.45
