DATE,DDEF
20031230 ,0.98
20031231 ,0.98
20040101 ,
20040102 ,0.97
20040105 ,0.98
20040106 ,0.98
20040107 ,0.96
20040108 ,0.9
20040109 ,0.9
20040112 ,0.91
20040113 ,0.91
20040114 ,0.91
20040115 ,0.91
20040116 ,0.91
20040119 ,
20040120 ,0.91
20040121 ,0.91
20040122 ,0.91
20040123 ,0.9
20040126 ,0.88
20040127 ,0.86
20040128 ,0.86
20040129 ,0.83
20040130 ,0.82
20040202 ,0.8
20040203 ,0.79
20040204 ,0.78
20040205 ,0.78
20040206 ,0.77
20040209 ,0.76
20040210 ,0.76
20040211 ,0.76
20040212 ,0.75
20040213 ,0.75
20040216 ,
20040217 ,0.74
20040218 ,0.75
20040219 ,0.77
20040220 ,0.75
20040223 ,0.76
20040224 ,0.76
20040225 ,0.77
20040226 ,0.76
20040227 ,0.77
20040301 ,0.77
20040302 ,0.77
20040303 ,0.77
20040304 ,0.77
20040305 ,0.78
20040308 ,0.79
20040309 ,0.79
20040310 ,0.79
20040311 ,0.79
20040312 ,0.8
20040315 ,0.81
20040316 ,0.77
20040317 ,0.77
20040318 ,0.8
20040319 ,0.79
20040322 ,0.82
20040323 ,0.8
20040324 ,0.8
20040325 ,0.81
20040326 ,0.8
20040329 ,0.79
20040330 ,0.78
20040331 ,0.78
20040401 ,0.78
20040402 ,0.77
20040405 ,0.75
20040406 ,0.75
20040407 ,0.75
20040408 ,0.74
20040409 ,
20040412 ,0.74
20040413 ,0.73
20040414 ,0.72
20040415 ,0.71
20040416 ,0.71
20040419 ,0.72
20040420 ,0.71
20040421 ,0.72
20040422 ,0.72
20040423 ,0.71
20040426 ,0.71
20040427 ,0.71
20040428 ,0.71
20040429 ,0.72
20040430 ,0.71
20040503 ,0.71
20040504 ,0.71
20040505 ,0.75
20040506 ,0.71
20040507 ,0.7
20040510 ,0.67
20040511 ,0.7
20040512 ,0.7
20040513 ,0.69
20040514 ,0.7
20040517 ,0.72
20040518 ,0.71
20040519 ,0.7
20040520 ,0.72
20040521 ,0.71
20040524 ,0.71
20040525 ,0.72
20040526 ,0.72
20040527 ,0.72
20040528 ,0.72
20040531 ,
20040601 ,0.74
20040602 ,0.76
20040603 ,0.76
20040604 ,0.77
20040607 ,0.76
20040608 ,0.76
20040609 ,0.75
20040610 ,0.76
20040611 ,
20040614 ,0.76
20040615 ,0.78
20040616 ,0.76
20040617 ,0.78
20040618 ,0.77
20040621 ,0.77
20040622 ,0.78
20040623 ,0.79
20040624 ,0.77
20040625 ,0.78
20040628 ,0.77
20040629 ,0.78
20040630 ,0.8
20040701 ,0.8
20040702 ,0.8
20040705 ,
20040706 ,0.8
20040707 ,0.8
20040708 ,0.8
20040709 ,0.8
20040712 ,0.8
20040713 ,0.8
20040714 ,0.79
20040715 ,0.79
20040716 ,0.8
20040719 ,0.79
20040720 ,0.81
20040721 ,0.81
20040722 ,0.81
20040723 ,0.81
20040726 ,0.8
20040727 ,0.8
20040728 ,0.8
20040729 ,0.79
20040730 ,0.79
20040802 ,0.82
20040803 ,0.82
20040804 ,0.82
20040805 ,0.82
20040806 ,0.82
20040809 ,0.82
20040810 ,0.83
20040811 ,0.8
20040812 ,0.8
20040813 ,0.81
20040816 ,0.82
20040817 ,0.82
20040818 ,0.81
20040819 ,0.82
20040820 ,0.82
20040823 ,0.82
20040824 ,0.81
20040825 ,0.81
20040826 ,0.81
20040827 ,0.81
20040830 ,0.81
20040831 ,0.81
20040901 ,0.82
20040902 ,0.82
20040903 ,0.82
20040906 ,
20040907 ,0.82
20040908 ,0.82
20040909 ,0.82
20040910 ,0.82
20040913 ,0.81
20040914 ,0.81
20040915 ,0.81
20040916 ,0.81
20040917 ,0.8
20040920 ,0.79
20040921 ,0.8
20040922 ,0.8
20040923 ,0.8
20040924 ,0.81
20040927 ,0.82
20040928 ,0.81
20040929 ,0.81
20040930 ,0.78
20041001 ,0.77
20041004 ,0.77
20041005 ,0.76
20041006 ,0.75
20041007 ,0.75
20041008 ,0.75
20041011 ,
20041012 ,0.75
20041013 ,0.74
20041014 ,0.73
20041015 ,0.72
20041018 ,0.73
20041019 ,0.73
20041020 ,0.71
20041021 ,0.71
20041022 ,0.73
20041025 ,0.73
20041026 ,0.73
20041027 ,0.72
20041028 ,0.73
20041029 ,0.73
20041101 ,0.7
20041102 ,0.69
20041103 ,0.69
20041104 ,0.69
20041105 ,0.67
20041108 ,0.66
20041109 ,0.63
20041110 ,0.67
20041111 ,
20041112 ,0.69
20041115 ,0.69
20041116 ,0.69
20041117 ,0.69
20041118 ,0.7
20041119 ,0.71
20041122 ,0.7
20041123 ,0.7
20041124 ,0.7
20041125 ,
20041126 ,0.7
20041129 ,0.69
20041130 ,0.69
20041201 ,0.7
20041202 ,0.69
20041203 ,0.69
20041206 ,0.69
20041207 ,0.69
20041208 ,0.71
20041209 ,0.71
20041210 ,0.7
20041213 ,0.68
20041214 ,0.69
20041215 ,0.7
20041216 ,0.7
20041217 ,0.67
20041220 ,0.67
20041221 ,0.67
20041222 ,0.67
20041223 ,0.67
20041224 ,
20041227 ,0.66
20041228 ,0.68
20041229 ,0.67
20041230 ,0.67
20041231 ,0.67
20050103 ,0.66
20050104 ,0.65
20050105 ,0.65
20050106 ,0.65
20050107 ,0.65
20050110 ,0.66
20050111 ,0.65
20050112 ,0.66
20050113 ,0.65
20050114 ,0.66
20050117 ,
20050118 ,0.66
20050119 ,0.66
20050120 ,0.68
20050121 ,0.66
20050124 ,0.66
20050125 ,0.66
20050126 ,0.67
20050127 ,0.67
20050128 ,0.67
20050131 ,0.67
20050201 ,0.67
20050202 ,0.67
20050203 ,0.67
20050204 ,0.64
20050207 ,0.63
20050208 ,0.63
20050209 ,0.61
20050210 ,0.61
20050211 ,0.59
20050214 ,0.6
20050215 ,0.6
20050216 ,0.59
20050217 ,0.6
20050218 ,0.57
20050221 ,
20050222 ,0.6
20050223 ,0.61
20050224 ,0.61
20050225 ,0.61
20050228 ,0.6
20050301 ,0.61
20050302 ,0.61
20050303 ,0.61
20050304 ,0.63
20050307 ,0.63
20050308 ,0.62
20050309 ,0.62
20050310 ,0.62
20050311 ,0.62
20050314 ,0.63
20050315 ,0.63
20050316 ,0.65
20050317 ,0.67
20050318 ,0.68
20050321 ,0.69
20050322 ,0.69
20050323 ,0.69
20050324 ,0.71
20050325 ,
20050328 ,0.7
20050329 ,0.72
20050330 ,0.73
20050331 ,0.74
20050401 ,0.75
20050404 ,0.74
20050405 ,0.72
20050406 ,0.7
20050407 ,0.66
20050408 ,0.67
20050411 ,0.7
20050412 ,0.7
20050413 ,0.7
20050414 ,0.73
20050415 ,0.75
20050418 ,0.74
20050419 ,0.74
20050420 ,0.74
20050421 ,0.72
20050422 ,0.73
20050425 ,0.72
20050426 ,0.72
20050427 ,0.73
20050428 ,0.74
20050429 ,0.76
20050502 ,0.77
20050503 ,0.77
20050504 ,0.75
20050505 ,0.75
20050506 ,0.81
20050509 ,0.8
20050510 ,0.82
20050511 ,0.82
20050512 ,0.84
20050513 ,0.87
20050516 ,0.89
20050517 ,0.92
20050518 ,0.92
20050519 ,0.91
20050520 ,0.92
20050523 ,0.9
20050524 ,0.91
20050525 ,0.9
20050526 ,0.89
20050527 ,0.89
20050530 ,
20050531 ,0.88
20050601 ,0.89
20050602 ,0.88
20050603 ,0.87
20050606 ,0.86
20050607 ,0.87
20050608 ,0.88
20050609 ,0.89
20050610 ,0.9
20050613 ,0.89
20050614 ,0.9
20050615 ,0.9
20050616 ,0.91
20050617 ,0.9
20050620 ,0.9
20050621 ,0.91
20050622 ,0.92
20050623 ,0.91
20050624 ,0.92
20050627 ,0.93
20050628 ,0.93
20050629 ,0.9
20050630 ,0.9
20050701 ,0.9
20050704 ,
20050705 ,0.9
20050706 ,0.91
20050707 ,0.9
20050708 ,0.89
20050711 ,0.93
20050712 ,0.92
20050713 ,0.91
20050714 ,0.9
20050715 ,0.9
20050718 ,0.9
20050719 ,0.89
20050720 ,0.89
20050721 ,0.91
20050722 ,0.91
20050725 ,0.87
20050726 ,0.87
20050727 ,0.87
20050728 ,0.87
20050729 ,0.87
20050801 ,0.86
20050802 ,0.85
20050803 ,0.86
20050804 ,0.86
20050805 ,0.86
20050808 ,0.86
20050809 ,0.87
20050810 ,0.87
20050811 ,0.87
20050812 ,0.88
20050815 ,0.87
20050816 ,0.87
20050817 ,0.87
20050818 ,0.87
20050819 ,0.87
20050822 ,0.87
20050823 ,0.87
20050824 ,0.87
20050825 ,0.87
20050826 ,0.86
20050829 ,0.87
20050830 ,0.87
20050831 ,0.88
20050901 ,0.89
20050902 ,0.92
20050905 ,
20050906 ,0.92
20050907 ,0.91
20050908 ,0.91
20050909 ,0.91
20050912 ,0.9
20050913 ,0.9
20050914 ,0.9
20050915 ,0.9
20050916 ,0.89
20050919 ,0.89
20050920 ,0.88
20050921 ,0.89
20050922 ,0.9
20050923 ,0.9
20050926 ,0.9
20050927 ,0.9
20050928 ,0.91
20050929 ,0.91
20050930 ,0.93
20051003 ,0.94
20051004 ,0.94
20051005 ,0.94
20051006 ,0.92
20051007 ,0.92
20051010 ,
20051011 ,0.92
20051012 ,0.94
20051013 ,0.95
20051014 ,0.96
20051017 ,0.95
20051018 ,0.96
20051019 ,0.97
20051020 ,0.97
20051021 ,0.96
20051024 ,0.97
20051025 ,0.97
20051026 ,0.97
20051027 ,0.97
20051028 ,0.97
20051031 ,0.97
20051101 ,0.98
20051102 ,0.97
20051103 ,0.95
20051104 ,0.95
20051107 ,0.96
20051108 ,0.96
20051109 ,0.96
20051110 ,0.96
20051111 ,
20051114 ,0.96
20051115 ,0.97
20051116 ,0.98
20051117 ,0.98
20051118 ,0.99
20051121 ,0.99
20051122 ,1
20051123 ,0.99
20051124 ,
20051125 ,1
20051128 ,1
20051129 ,0.99
20051130 ,0.96
20051201 ,0.94
20051202 ,0.95
20051205 ,0.95
20051206 ,0.96
20051207 ,0.96
20051208 ,0.96
20051209 ,0.96
20051212 ,0.96
20051213 ,0.96
20051214 ,0.95
20051215 ,0.95
20051216 ,0.94
20051219 ,0.94
20051220 ,0.94
20051221 ,0.95
20051222 ,0.95
20051223 ,0.95
20051226 ,
20051227 ,0.96
20051228 ,0.95
20051229 ,0.95
20051230 ,0.95
20060102 ,
20060103 ,0.95
20060104 ,0.95
20060105 ,0.94
20060106 ,0.94
20060109 ,0.94
20060110 ,0.96
20060111 ,0.96
20060112 ,0.96
20060113 ,0.95
20060116 ,
20060117 ,0.96
20060118 ,0.95
20060119 ,0.95
20060120 ,0.94
20060123 ,0.94
20060124 ,0.94
20060125 ,0.93
20060126 ,0.93
20060127 ,0.92
20060130 ,0.92
20060131 ,0.92
20060201 ,0.92
20060202 ,0.91
20060203 ,0.94
20060206 ,0.94
20060207 ,0.94
20060208 ,0.95
20060209 ,0.95
20060210 ,0.94
20060213 ,0.93
20060214 ,0.93
20060215 ,0.92
20060216 ,0.91
20060217 ,0.92
20060220 ,
20060221 ,0.91
20060222 ,0.91
20060223 ,0.91
20060224 ,0.9
20060227 ,0.9
20060228 ,0.89
20060301 ,0.89
20060302 ,0.89
20060303 ,0.89
20060306 ,0.88
20060307 ,0.89
20060308 ,0.88
20060309 ,0.89
20060310 ,0.89
20060313 ,0.89
20060314 ,0.88
20060315 ,0.88
20060316 ,0.88
20060317 ,0.87
20060320 ,0.87
20060321 ,0.88
20060322 ,0.89
20060323 ,0.89
20060324 ,0.9
20060327 ,0.89
20060328 ,0.89
20060329 ,0.9
20060330 ,0.89
20060331 ,0.88
20060403 ,0.88
20060404 ,0.87
20060405 ,0.86
20060406 ,0.86
20060407 ,0.85
20060410 ,0.85
20060411 ,0.85
20060412 ,0.85
20060413 ,0.85
20060414 ,
20060417 ,0.85
20060418 ,0.84
20060419 ,0.83
20060420 ,0.82
20060421 ,0.83
20060424 ,0.82
20060425 ,0.82
20060426 ,0.81
20060427 ,0.8
20060428 ,0.79
20060501 ,0.77
20060502 ,0.75
20060503 ,0.76
20060504 ,0.76
20060505 ,0.76
20060508 ,0.76
20060509 ,0.77
20060510 ,0.78
20060511 ,0.78
20060512 ,0.78
20060515 ,0.78
20060516 ,0.8
20060517 ,0.8
20060518 ,0.82
20060519 ,0.82
20060522 ,0.82
20060523 ,0.82
20060524 ,0.83
20060525 ,0.82
20060526 ,0.83
20060529 ,
20060530 ,0.83
20060531 ,0.83
20060601 ,0.83
20060602 ,0.84
20060605 ,0.84
20060606 ,0.84
20060607 ,0.86
20060608 ,0.85
20060609 ,0.88
20060612 ,0.85
20060613 ,0.85
20060614 ,0.9
20060615 ,0.9
20060616 ,0.9
20060619 ,0.89
20060620 ,0.89
20060621 ,0.92
20060622 ,0.93
20060623 ,0.93
20060626 ,0.93
20060627 ,0.94
20060628 ,0.93
20060629 ,0.93
20060630 ,0.91
20060703 ,0.91
20060704 ,
20060705 ,0.91
20060706 ,0.9
20060707 ,0.91
20060710 ,0.9
20060711 ,0.91
20060712 ,0.91
20060713 ,0.91
20060714 ,0.93
20060717 ,0.93
20060718 ,0.93
20060719 ,0.93
20060720 ,0.94
20060721 ,0.94
20060724 ,0.93
20060725 ,0.9
20060726 ,0.9
20060727 ,0.89
20060728 ,0.88
20060731 ,0.88
20060801 ,0.89
20060802 ,0.88
20060803 ,0.89
20060804 ,0.89
20060807 ,0.88
20060808 ,0.89
20060809 ,0.89
20060810 ,0.88
20060811 ,0.89
20060814 ,0.9
20060815 ,0.91
20060816 ,0.91
20060817 ,0.91
20060818 ,0.91
20060821 ,0.91
20060822 ,0.91
20060823 ,0.92
20060824 ,0.92
20060825 ,0.93
20060828 ,0.92
20060829 ,0.93
20060830 ,0.93
20060831 ,0.93
20060901 ,0.93
20060904 ,
20060905 ,0.92
20060906 ,0.93
20060907 ,0.93
20060908 ,0.93
20060911 ,0.92
20060912 ,0.91
20060913 ,0.91
20060914 ,0.91
20060915 ,0.91
20060918 ,0.9
20060919 ,0.91
20060920 ,0.91
20060921 ,0.92
20060922 ,0.92
20060925 ,0.92
20060926 ,0.93
20060927 ,0.93
20060928 ,0.94
20060929 ,0.94
20061002 ,0.94
20061003 ,0.94
20061004 ,0.94
20061005 ,0.94
20061006 ,0.94
20061009 ,
20061010 ,0.94
20061011 ,0.95
20061012 ,0.94
20061013 ,0.94
20061016 ,0.93
20061017 ,0.93
20061018 ,0.93
20061019 ,0.93
20061020 ,0.93
20061023 ,0.89
20061024 ,0.87
20061025 ,0.87
20061026 ,0.87
20061027 ,0.86
20061030 ,0.86
20061031 ,0.86
20061101 ,0.86
20061102 ,0.87
20061103 ,0.85
20061106 ,0.85
20061107 ,0.85
20061108 ,0.85
20061109 ,0.85
20061110 ,0.87
20061113 ,0.87
20061114 ,0.88
20061115 ,0.88
20061116 ,0.88
20061117 ,0.88
20061120 ,0.88
20061121 ,0.88
20061122 ,0.88
20061123 ,
20061124 ,0.88
20061127 ,0.89
20061128 ,0.89
20061129 ,0.89
20061130 ,0.9
20061201 ,0.9
20061204 ,0.9
20061205 ,0.89
20061206 ,0.89
20061207 ,0.89
20061208 ,0.89
20061211 ,0.89
20061212 ,0.89
20061213 ,0.89
20061214 ,0.9
20061215 ,0.9
20061218 ,0.9
20061219 ,0.9
20061220 ,0.9
20061221 ,0.9
20061222 ,0.9
20061225 ,
20061226 ,0.9
20061227 ,0.9
20061228 ,0.9
20061229 ,0.89
20070101 ,
20070102 ,0.98
20070103 ,0.96
20070104 ,0.96
20070105 ,0.96
20070108 ,0.96
20070109 ,0.96
20070110 ,0.96
20070111 ,0.96
20070112 ,0.95
20070115 ,
20070116 ,0.95
20070117 ,0.94
20070118 ,0.93
20070119 ,0.94
20070122 ,0.93
20070123 ,0.93
20070124 ,0.92
20070125 ,0.92
20070126 ,0.91
20070129 ,0.91
20070130 ,0.91
20070131 ,0.92
20070201 ,0.92
20070202 ,0.91
20070205 ,0.91
20070206 ,0.9
20070207 ,0.9
20070208 ,0.89
20070209 ,0.89
20070212 ,0.88
20070213 ,0.89
20070214 ,0.89
20070215 ,0.88
20070216 ,0.88
20070219 ,
20070220 ,0.88
20070221 ,0.87
20070222 ,0.87
20070223 ,0.86
20070226 ,0.87
20070227 ,0.89
20070228 ,0.91
20070301 ,0.92
20070302 ,0.93
20070305 ,0.95
20070306 ,0.95
20070307 ,0.94
20070308 ,0.95
20070309 ,0.94
20070312 ,0.94
20070313 ,0.96
20070314 ,0.97
20070315 ,0.96
20070316 ,0.97
20070319 ,0.98
20070320 ,0.98
20070321 ,0.98
20070322 ,0.99
20070323 ,0.99
20070326 ,0.99
20070327 ,0.99
20070328 ,0.99
20070329 ,0.97
20070330 ,0.97
20070402 ,0.97
20070403 ,0.93
20070404 ,0.93
20070405 ,0.93
20070406 ,0.93
20070409 ,0.93
20070410 ,0.93
20070411 ,0.92
20070412 ,0.92
20070413 ,0.91
20070416 ,0.94
20070417 ,0.93
20070418 ,0.92
20070419 ,0.92
20070420 ,0.93
20070423 ,0.92
20070424 ,0.92
20070425 ,0.92
20070426 ,0.92
20070427 ,0.92
20070430 ,0.91
20070501 ,0.91
20070502 ,0.91
20070503 ,0.9
20070504 ,0.9
20070507 ,0.87
20070508 ,0.87
20070509 ,0.9
20070510 ,0.9
20070511 ,0.9
20070514 ,0.9
20070515 ,0.89
20070516 ,0.89
20070517 ,0.95
20070518 ,0.95
20070521 ,0.92
20070522 ,0.92
20070523 ,0.92
20070524 ,0.93
20070525 ,0.92
20070528 ,
20070529 ,0.93
20070530 ,0.93
20070531 ,0.93
20070601 ,0.93
20070604 ,0.94
20070605 ,0.93
20070606 ,0.94
20070607 ,0.95
20070608 ,0.96
20070611 ,0.9
20070612 ,0.9
20070613 ,0.9
20070614 ,0.9
20070615 ,0.89
20070618 ,0.89
20070619 ,0.88
20070620 ,0.86
20070621 ,0.87
20070622 ,0.88
20070625 ,0.88
20070626 ,0.88
20070627 ,0.88
20070628 ,0.9
20070629 ,0.89
20070702 ,0.89
20070703 ,0.9
20070704 ,
20070705 ,0.9
20070706 ,0.89
20070709 ,0.89
20070710 ,0.89
20070711 ,0.88
20070712 ,0.88
20070713 ,0.88
20070716 ,0.88
20070717 ,0.88
20070718 ,0.88
20070719 ,0.89
20070720 ,0.88
20070723 ,0.89
20070724 ,0.9
20070725 ,0.91
20070726 ,1.05
20070727 ,1.09
20070730 ,1.05
20070731 ,1.01
20070801 ,1.01
20070802 ,1
20070803 ,0.9
20070806 ,0.9
20070807 ,0.9
20070808 ,0.88
20070809 ,0.87
20070810 ,0.87
20070813 ,0.87
20070814 ,0.88
20070815 ,0.83
20070816 ,0.82
20070817 ,0.84
20070820 ,0.84
20070821 ,0.84
20070822 ,0.83
20070823 ,0.83
20070824 ,0.83
20070827 ,0.84
20070828 ,0.84
20070829 ,0.82
20070830 ,0.82
20070831 ,0.83
20070903 ,
20070904 ,0.83
20070905 ,0.81
20070906 ,0.83
20070907 ,0.82
20070910 ,0.86
20070911 ,0.86
20070912 ,0.88
20070913 ,0.9
20070914 ,0.9
20070917 ,0.9
20070918 ,0.88
20070919 ,0.87
20070920 ,0.85
20070921 ,0.86
20070924 ,0.85
20070925 ,0.84
20070926 ,0.84
20070927 ,0.83
20070928 ,0.83
20071001 ,0.83
20071002 ,0.83
20071003 ,0.82
20071004 ,0.84
20071005 ,0.81
20071008 ,
20071009 ,0.79
20071010 ,0.79
20071011 ,0.77
20071012 ,0.8
20071015 ,0.79
20071016 ,0.8
20071017 ,0.81
20071018 ,0.82
20071019 ,0.83
20071022 ,0.82
20071023 ,0.82
20071024 ,0.83
20071025 ,0.83
20071026 ,0.84
20071029 ,0.84
20071030 ,0.85
20071031 ,0.85
20071101 ,0.84
20071102 ,0.85
20071105 ,0.88
20071106 ,0.88
20071107 ,0.87
20071108 ,0.89
20071109 ,0.89
20071112 ,
20071113 ,0.91
20071114 ,0.92
20071115 ,0.94
20071116 ,0.95
20071119 ,0.96
20071120 ,0.99
20071121 ,1.01
20071122 ,
20071123 ,1.01
20071126 ,1.02
20071127 ,1.08
20071128 ,1.09
20071129 ,1.11
20071130 ,1.1
20071203 ,1.12
20071204 ,1.14
20071205 ,1.18
20071206 ,1.17
20071207 ,1.19
20071210 ,1.17
20071211 ,1.15
20071212 ,1.17
20071213 ,1.17
20071214 ,1.15
20071217 ,1.15
20071218 ,1.14
20071219 ,1.14
20071220 ,1.13
20071221 ,1.15
20071224 ,1.15
20071225 ,
20071226 ,1.15
20071227 ,1.16
20071228 ,1.14
20071231 ,1.15
20080101 ,
20080102 ,1.14
20080103 ,1.15
20080104 ,1.13
20080107 ,1.17
20080108 ,1.18
20080109 ,1.17
20080110 ,1.15
20080111 ,1.21
20080114 ,1.21
20080115 ,1.22
20080116 ,1.22
20080117 ,1.23
20080118 ,1.25
20080121 ,
20080122 ,1.23
20080123 ,1.24
20080124 ,1.24
20080125 ,1.24
20080128 ,1.26
20080129 ,1.26
20080130 ,1.25
20080131 ,1.25
20080201 ,1.25
20080204 ,1.27
20080205 ,1.29
20080206 ,1.3
20080207 ,1.31
20080208 ,1.3
20080211 ,1.29
20080212 ,1.27
20080213 ,1.29
20080214 ,1.28
20080215 ,1.29
20080218 ,
20080219 ,1.29
20080220 ,1.3
20080221 ,1.31
20080222 ,1.31
20080225 ,1.31
20080226 ,1.3
20080227 ,1.31
20080228 ,1.33
20080229 ,1.33
20080303 ,1.33
20080304 ,1.34
20080305 ,1.35
20080306 ,1.36
20080307 ,1.38
20080310 ,1.39
20080311 ,1.36
20080312 ,1.39
20080313 ,1.42
20080314 ,1.38
20080317 ,1.37
20080318 ,1.37
20080319 ,1.4
20080320 ,1.41
20080321 ,
20080324 ,1.41
20080325 ,1.41
20080326 ,1.41
20080327 ,1.41
20080328 ,1.42
20080331 ,1.42
20080401 ,1.43
20080402 ,1.43
20080403 ,1.42
20080404 ,1.45
20080407 ,1.44
20080408 ,1.43
20080409 ,1.43
20080410 ,1.43
20080411 ,1.44
20080414 ,1.45
20080415 ,1.45
20080416 ,1.43
20080417 ,1.44
20080418 ,1.39
20080421 ,1.37
20080422 ,1.41
20080423 ,1.41
20080424 ,1.4
20080425 ,1.41
20080428 ,1.35
20080429 ,1.35
20080430 ,1.36
20080501 ,1.32
20080502 ,1.28
20080505 ,1.32
20080506 ,1.31
20080507 ,1.31
20080508 ,1.34
20080509 ,1.35
20080512 ,1.35
20080513 ,1.35
20080514 ,1.37
20080515 ,1.36
20080516 ,1.36
20080519 ,1.36
20080520 ,1.36
20080521 ,1.37
20080522 ,1.39
20080523 ,1.39
20080526 ,
20080527 ,1.4
20080528 ,1.4
20080529 ,1.39
20080530 ,1.39
20080602 ,1.39
20080603 ,1.38
20080604 ,1.38
20080605 ,1.38
20080606 ,1.37
20080609 ,1.38
20080610 ,1.39
20080611 ,1.41
20080612 ,1.4
20080613 ,1.41
20080616 ,1.42
20080617 ,1.41
20080618 ,1.41
20080619 ,1.37
20080620 ,1.39
20080623 ,1.39
20080624 ,1.4
20080625 ,1.41
20080626 ,1.4
20080627 ,1.42
20080630 ,1.44
20080701 ,1.45
20080702 ,1.47
20080703 ,1.47
20080704 ,
20080707 ,1.48
20080708 ,1.5
20080709 ,1.49
20080710 ,1.51
20080711 ,1.52
20080714 ,1.52
20080715 ,1.51
20080716 ,1.51
20080717 ,1.52
20080718 ,1.51
20080721 ,1.51
20080722 ,1.49
20080723 ,1.49
20080724 ,1.5
20080725 ,1.49
20080728 ,1.49
20080729 ,1.48
20080730 ,1.48
20080731 ,1.48
20080801 ,1.48
20080804 ,1.48
20080805 ,1.48
20080806 ,1.48
20080807 ,1.47
20080808 ,1.49
20080811 ,1.49
20080812 ,1.49
20080813 ,1.49
20080814 ,1.5
20080815 ,1.5
20080818 ,1.51
20080819 ,1.51
20080820 ,1.53
20080821 ,1.53
20080822 ,1.55
20080825 ,1.56
20080826 ,1.57
20080827 ,1.56
20080828 ,1.57
20080829 ,1.52
20080901 ,
20080902 ,1.53
20080903 ,1.53
20080904 ,1.55
20080905 ,1.57
20080908 ,1.58
20080909 ,1.6
20080910 ,1.56
20080911 ,1.61
20080912 ,1.61
20080915 ,1.67
20080916 ,1.67
20080917 ,1.67
20080918 ,1.65
20080919 ,1.62
20080922 ,1.7
20080923 ,1.68
20080924 ,1.7
20080925 ,1.82
20080926 ,1.82
20080929 ,1.86
20080930 ,1.84
20081001 ,1.85
20081002 ,1.93
20081003 ,2
20081006 ,2.02
20081007 ,2.08
20081008 ,2.1
20081009 ,2.13
20081010 ,2.32
20081013 ,
20081014 ,2.31
20081015 ,2.66
20081016 ,2.61
20081017 ,2.88
20081020 ,2.92
20081021 ,2.92
20081022 ,2.96
20081023 ,3
20081024 ,3.06
20081027 ,3.12
20081028 ,3.11
20081029 ,3.08
20081030 ,3.05
20081031 ,3
20081103 ,3.04
20081104 ,3.01
20081105 ,2.96
20081106 ,2.92
20081107 ,2.89
20081110 ,2.88
20081111 ,
20081112 ,2.86
20081113 ,2.91
20081114 ,2.93
20081117 ,2.93
20081118 ,3.09
20081119 ,3.14
20081120 ,3.33
20081121 ,3.26
20081124 ,3.29
20081125 ,3.37
20081126 ,3.33
20081127 ,
20081128 ,3.43
20081201 ,3.49
20081202 ,3.47
20081203 ,3.5
20081204 ,3.46
20081205 ,3.42
20081208 ,3.43
20081209 ,3.43
20081210 ,3.31
20081211 ,3.34
20081212 ,3.33
20081215 ,3.34
20081216 ,3.32
20081217 ,3.28
20081218 ,3.39
20081219 ,3.45
20081222 ,3.43
20081223 ,3.37
20081224 ,3.35
20081225 ,
20081226 ,3.34
20081229 ,3.31
20081230 ,3.33
20081231 ,3.37
20090101 ,
20090102 ,3.35
20090105 ,3.26
20090106 ,3.23
20090107 ,3.18
20090108 ,3.15
20090109 ,3.13
20090112 ,3.08
20090113 ,3.09
20090114 ,3.08
20090115 ,3.09
20090116 ,3.07
20090119 ,
20090120 ,3.05
20090121 ,3.05
20090122 ,3.03
20090123 ,3.1
20090126 ,3.06
20090127 ,3.01
20090128 ,3
20090129 ,2.96
20090130 ,2.93
20090202 ,2.9
20090203 ,2.93
20090204 ,2.9
20090205 ,2.88
20090206 ,2.83
20090209 ,2.79
20090210 ,2.76
20090211 ,2.81
20090212 ,2.82
20090213 ,2.81
20090216 ,
20090217 ,2.8
20090218 ,2.76
20090219 ,2.72
20090220 ,2.75
20090223 ,2.79
20090224 ,2.82
20090225 ,2.82
20090226 ,2.85
20090227 ,2.81
20090302 ,2.79
20090303 ,2.83
20090304 ,2.86
20090305 ,2.85
20090306 ,2.8
20090309 ,2.87
20090310 ,2.9
20090311 ,2.91
20090312 ,2.94
20090313 ,2.94
20090316 ,2.84
20090317 ,2.87
20090318 ,2.88
20090319 ,2.9
20090320 ,2.92
20090323 ,2.94
20090324 ,3.04
20090325 ,3.05
20090326 ,3.04
20090327 ,3.05
20090330 ,3.05
20090331 ,3.06
20090401 ,3.06
20090402 ,3.06
20090403 ,3.09
20090406 ,3.1
20090407 ,3.1
20090408 ,3.07
20090409 ,3.14
20090410 ,
20090413 ,3.15
20090414 ,3.1
20090415 ,3.06
20090416 ,3.03
20090417 ,3.08
20090420 ,3
20090421 ,2.95
20090422 ,2.93
20090423 ,2.92
20090424 ,2.86
20090427 ,2.86
20090428 ,2.79
20090429 ,2.83
20090430 ,2.79
20090501 ,2.72
20090504 ,2.7
20090505 ,2.74
20090506 ,2.67
20090507 ,2.59
20090508 ,2.54
20090511 ,2.54
20090512 ,2.55
20090513 ,2.56
20090514 ,2.58
20090515 ,2.58
20090518 ,2.57
20090519 ,2.51
20090520 ,2.45
20090521 ,2.42
20090522 ,2.39
20090525 ,
20090526 ,2.35
20090527 ,2.31
20090528 ,2.3
20090529 ,2.4
20090601 ,2.27
20090602 ,2.17
20090603 ,2.09
20090604 ,2.05
20090605 ,2.01
20090608 ,1.96
20090609 ,1.93
20090610 ,1.88
20090611 ,1.86
20090612 ,1.84
20090615 ,1.84
20090616 ,1.78
20090617 ,1.76
20090618 ,1.85
20090619 ,1.8
20090622 ,1.75
20090623 ,1.75
20090624 ,1.75
20090625 ,1.78
20090626 ,1.81
20090629 ,1.83
20090630 ,1.8
20090701 ,1.75
20090702 ,1.74
20090703 ,
20090706 ,1.75
20090707 ,1.75
20090708 ,1.75
20090709 ,1.76
20090710 ,1.75
20090713 ,1.77
20090714 ,1.75
20090715 ,1.75
20090716 ,1.74
20090717 ,1.71
20090720 ,1.7
20090721 ,1.71
20090722 ,1.68
20090723 ,1.65
20090724 ,1.61
20090727 ,1.58
20090728 ,1.54
20090729 ,1.51
20090730 ,1.47
20090731 ,1.45
20090803 ,1.41
20090804 ,1.41
20090805 ,1.39
20090806 ,1.38
20090807 ,1.28
20090810 ,1.28
20090811 ,1.28
20090812 ,1.29
20090813 ,1.29
20090814 ,1.26
20090817 ,1.32
20090818 ,1.3
20090819 ,1.34
20090820 ,1.33
20090821 ,1.32
20090824 ,1.33
20090825 ,1.32
20090826 ,1.31
20090827 ,1.29
20090828 ,1.29
20090831 ,1.26
20090901 ,1.25
20090902 ,1.24
20090903 ,1.24
20090904 ,1.24
20090907 ,
20090908 ,1.2
20090909 ,1.23
20090910 ,1.22
20090911 ,1.21
20090914 ,1.23
20090915 ,1.23
20090916 ,1.22
20090917 ,1.2
20090918 ,1.15
20090921 ,1.15
20090922 ,1.14
20090923 ,1.13
20090924 ,1.13
20090925 ,1.12
20090928 ,1.12
20090929 ,1.13
20090930 ,1.13
20091001 ,1.16
20091002 ,1.14
20091005 ,1.16
20091006 ,1.15
20091007 ,1.16
20091008 ,1.16
20091009 ,1.17
20091012 ,
20091013 ,1.17
20091014 ,1.17
20091015 ,1.17
20091016 ,1.16
20091019 ,1.16
20091020 ,1.15
20091021 ,1.14
20091022 ,1.13
20091023 ,1.14
20091026 ,1.11
20091027 ,1.12
20091028 ,1.13
20091029 ,1.12
20091030 ,1.11
20091102 ,1.11
20091103 ,1.13
20091104 ,1.14
20091105 ,1.1
20091106 ,1.12
20091109 ,1.12
20091110 ,1.12
20091111 ,
20091112 ,1.12
20091113 ,1.12
20091116 ,1.11
20091117 ,1.12
20091118 ,1.12
20091119 ,1.1
20091120 ,1.13
20091123 ,1.18
20091124 ,1.17
20091125 ,1.17
20091126 ,
20091127 ,1.17
20091130 ,1.19
20091201 ,1.19
20091202 ,1.18
20091203 ,1.18
20091204 ,1.16
20091207 ,1.15
20091208 ,1.13
20091209 ,1.12
20091210 ,1.11
20091211 ,1.1
20091214 ,1.08
20091215 ,1.07
20091216 ,1.08
20091217 ,1.07
20091218 ,1.06
20091221 ,1.08
20091222 ,1.1
20091223 ,1.1
20091224 ,1.09
20091225 ,
20091228 ,1.09
20091229 ,1.07
20091230 ,1.06
20091231 ,1.06
20100101 ,
20100104 ,1.04
20100105 ,1.06
20100106 ,1.04
20100107 ,1.02
20100108 ,1
20100111 ,0.97
20100112 ,0.97
20100113 ,0.98
20100114 ,1.05
20100115 ,1.06
20100118 ,
20100119 ,0.99
20100120 ,0.92
20100121 ,0.92
20100122 ,0.94
20100125 ,0.93
20100126 ,0.94
20100127 ,0.95
20100128 ,0.95
20100129 ,0.96
20100201 ,0.95
20100202 ,0.95
20100203 ,0.95
20100204 ,0.97
20100205 ,0.97
20100208 ,0.99
20100209 ,1
20100210 ,0.99
20100211 ,1
20100212 ,1
20100215 ,
20100216 ,1
20100217 ,1.01
20100218 ,1.02
20100219 ,1
20100222 ,1
20100223 ,1.01
20100224 ,1.03
20100225 ,1.02
20100226 ,1.02
20100301 ,1.04
20100302 ,1.03
20100303 ,1.01
20100304 ,1.01
20100305 ,1.01
20100308 ,1.02
20100309 ,1.03
20100310 ,1.02
20100311 ,1.01
20100312 ,1.02
20100315 ,1.02
20100316 ,1.01
20100317 ,1
20100318 ,0.99
20100319 ,0.99
20100322 ,0.98
20100323 ,0.98
20100324 ,0.98
20100325 ,0.98
20100326 ,1
20100329 ,1
20100330 ,0.99
20100331 ,0.99
20100401 ,1
20100402 ,1
20100405 ,1
20100406 ,0.99
20100407 ,0.99
20100408 ,0.99
20100409 ,0.99
20100412 ,0.98
20100413 ,0.98
20100414 ,0.97
20100415 ,0.97
20100416 ,0.97
20100419 ,0.97
20100420 ,0.95
20100421 ,0.95
20100422 ,0.95
20100423 ,0.95
20100426 ,0.94
20100427 ,0.95
20100428 ,0.94
20100429 ,0.94
20100430 ,0.94
20100503 ,0.94
20100504 ,0.95
20100505 ,0.95
20100506 ,1.02
20100507 ,1.05
20100510 ,1.03
20100511 ,1.05
20100512 ,1.04
20100513 ,1.04
20100514 ,1.06
20100517 ,1.07
20100518 ,1.1
20100519 ,1.13
20100520 ,1.16
20100521 ,1.18
20100524 ,1.19
20100525 ,1.22
20100526 ,1.19
20100527 ,1.19
20100528 ,1.19
20100531 ,
20100601 ,1.26
20100602 ,1.24
20100603 ,1.26
20100604 ,1.27
20100607 ,1.28
20100608 ,1.31
20100609 ,1.32
20100610 ,1.34
20100611 ,1.39
20100614 ,1.38
20100615 ,1.38
20100616 ,1.38
20100617 ,1.39
20100618 ,1.41
20100621 ,1.39
20100622 ,1.4
20100623 ,1.36
20100624 ,1.37
20100625 ,1.38
20100628 ,1.37
20100629 ,1.38
20100630 ,1.39
20100701 ,1.36
20100702 ,1.35
20100705 ,
20100706 ,1.36
20100707 ,1.37
20100708 ,1.36
20100709 ,1.35
20100712 ,1.34
20100713 ,1.32
20100714 ,1.33
20100715 ,1.34
20100716 ,1.33
20100719 ,1.33
20100720 ,1.29
20100721 ,1.27
20100722 ,1.23
20100723 ,1.23
20100726 ,1.21
20100727 ,1.17
20100728 ,1.19
20100729 ,1.15
20100730 ,1.15
20100802 ,1.11
20100803 ,1.13
20100804 ,1.13
20100805 ,1.15
20100806 ,1.15
20100809 ,1.15
20100810 ,1.16
20100811 ,1.18
20100812 ,1.2
20100813 ,1.21
20100816 ,1.22
20100817 ,1.16
20100818 ,1.15
20100819 ,1.15
20100820 ,1.16
20100823 ,1.17
20100824 ,1.18
20100825 ,1.2
20100826 ,1.21
20100827 ,1.21
20100830 ,1.19
20100831 ,1.22
20100901 ,1.21
20100902 ,1.2
20100903 ,1.19
20100906 ,
20100907 ,1.18
20100908 ,1.16
20100909 ,1.17
20100910 ,1.16
20100913 ,1.14
20100914 ,1.14
20100915 ,1.15
20100916 ,1.15
20100917 ,1.15
20100920 ,1.15
20100921 ,1.09
20100922 ,1.12
20100923 ,1.08
20100924 ,1.07
20100927 ,1.07
20100928 ,1.07
20100929 ,1.07
20100930 ,1.04
20101001 ,1.04
20101004 ,1.03
20101005 ,1.03
20101006 ,1.03
20101007 ,1.03
20101008 ,1.04
20101011 ,
20101012 ,1.03
20101013 ,1.02
20101014 ,1.03
20101015 ,1.04
20101018 ,1.04
20101019 ,1.05
20101020 ,1.05
20101021 ,1.06
20101022 ,1.07
20101025 ,1.03
20101026 ,1.02
20101027 ,1.04
20101028 ,1.04
20101029 ,1.03
20101101 ,1.03
20101102 ,1.05
20101103 ,1.05
20101104 ,1.02
20101105 ,1.07
20101108 ,1.06
20101109 ,1.04
20101110 ,1.04
20101111 ,1.05
20101112 ,1.05
20101115 ,1.05
20101116 ,1.05
20101117 ,1.05
20101118 ,1.04
20101119 ,1.06
20101122 ,1.05
20101123 ,1.05
20101124 ,1.05
20101125 ,
20101126 ,1.06
20101129 ,1.04
20101130 ,1.05
20101201 ,1.06
20101202 ,1.05
20101203 ,1.05
20101206 ,1.04
20101207 ,1.05
20101208 ,1.09
20101209 ,1.08
20101210 ,1.08
20101213 ,1.1
20101214 ,1.09
20101215 ,1.1
20101216 ,1.1
20101217 ,1.09
20101220 ,1.1
20101221 ,1.09
20101222 ,1.09
20101223 ,1.08
20101224 ,
20101227 ,1.09
20101228 ,1.08
20101229 ,1.09
20101230 ,1.09
20101231 ,1.1
20110103 ,1.11
20110104 ,1.1
20110105 ,1.08
20110106 ,1.05
20110107 ,1.05
20110110 ,1.08
20110111 ,1.06
20110112 ,1.06
20110113 ,1.05
20110114 ,1.06
20110117 ,
20110118 ,1.05
20110119 ,1.05
20110120 ,1.05
20110121 ,1.05
20110124 ,1.04
20110125 ,1.03
20110126 ,1.01
20110127 ,1
20110128 ,0.99
20110131 ,0.98
20110201 ,0.98
20110202 ,0.98
20110203 ,0.98
20110204 ,0.97
20110207 ,0.95
20110208 ,0.94
20110209 ,0.94
20110210 ,0.94
20110211 ,0.94
20110214 ,0.94
20110215 ,0.88
20110216 ,0.88
20110217 ,0.88
20110218 ,0.88
20110221 ,
20110222 ,0.88
20110223 ,0.89
20110224 ,0.91
20110225 ,0.9
20110228 ,0.9
20110301 ,0.91
20110302 ,0.9
20110303 ,0.92
20110304 ,0.92
20110307 ,0.91
20110308 ,0.91
20110309 ,0.91
20110310 ,0.9
20110311 ,0.9
20110314 ,0.89
20110315 ,0.91
20110316 ,0.91
20110317 ,0.92
20110318 ,0.9
20110321 ,0.89
20110322 ,0.9
20110323 ,0.9
20110324 ,0.9
20110325 ,0.9
20110328 ,0.91
20110329 ,0.91
20110330 ,0.9
20110331 ,0.9
20110401 ,0.91
20110404 ,0.9
20110405 ,0.9
20110406 ,0.89
20110407 ,0.93
20110408 ,0.92
20110411 ,0.91
20110412 ,0.91
20110413 ,0.91
20110414 ,0.91
20110415 ,0.91
20110418 ,0.82
20110419 ,0.82
20110420 ,0.82
20110421 ,0.81
20110422 ,
20110425 ,0.81
20110426 ,0.81
20110427 ,0.79
20110428 ,0.82
20110429 ,0.81
20110502 ,0.8
20110503 ,0.82
20110504 ,0.81
20110505 ,0.83
20110506 ,0.83
20110509 ,0.84
20110510 ,0.84
20110511 ,0.84
20110512 ,0.84
20110513 ,0.85
20110516 ,0.84
20110517 ,0.85
20110518 ,0.85
20110519 ,0.82
20110520 ,0.8
20110523 ,0.8
20110524 ,0.79
20110525 ,0.8
20110526 ,0.79
20110527 ,0.77
20110530 ,
20110531 ,0.76
20110601 ,0.76
20110602 ,0.75
20110603 ,0.75
20110606 ,0.75
20110607 ,0.75
20110608 ,0.76
20110609 ,0.77
20110610 ,0.77
20110613 ,0.74
20110614 ,0.76
20110615 ,0.76
20110616 ,0.76
20110617 ,0.77
20110620 ,0.77
20110621 ,0.76
20110622 ,0.77
20110623 ,0.77
20110624 ,0.78
20110627 ,0.78
20110628 ,0.77
20110629 ,0.76
20110630 ,0.76
20110701 ,0.75
20110704 ,
20110705 ,0.77
20110706 ,0.77
20110707 ,0.79
20110708 ,0.78
20110711 ,0.81
20110712 ,0.82
20110713 ,0.82
20110714 ,0.82
20110715 ,0.83
20110718 ,0.83
20110719 ,0.85
20110720 ,0.85
20110721 ,0.84
20110722 ,0.86
20110725 ,0.86
20110726 ,0.87
20110727 ,0.86
20110728 ,0.87
20110729 ,0.92
20110801 ,0.95
20110802 ,0.96
20110803 ,0.94
20110804 ,0.93
20110805 ,0.94
20110808 ,0.95
20110809 ,0.97
20110810 ,0.99
20110811 ,1.03
20110812 ,1.04
20110815 ,1.04
20110816 ,1.04
20110817 ,0.91
20110818 ,0.93
20110819 ,0.97
20110822 ,1
20110823 ,1.01
20110824 ,1.03
20110825 ,1.03
20110826 ,1.05
20110829 ,1.05
20110830 ,1.08
20110831 ,1.07
20110901 ,1.05
20110902 ,1.07
20110905 ,
20110906 ,1.11
20110907 ,1.13
20110908 ,1.13
20110909 ,1.14
20110912 ,1.17
20110913 ,1.17
20110914 ,1.19
20110915 ,1.21
20110916 ,1.21
20110919 ,1.24
20110920 ,1.25
20110921 ,1.1
20110922 ,1.2
20110923 ,1.22
20110926 ,1.22
20110927 ,1.24
20110928 ,1.28
20110929 ,1.28
20110930 ,1.26
20111003 ,1.31
20111004 ,1.35
20111005 ,1.36
20111006 ,1.36
20111007 ,1.37
20111010 ,
20111011 ,1.44
20111012 ,1.44
20111013 ,1.42
20111014 ,1.39
20111017 ,1.44
20111018 ,1.46
20111019 ,1.42
20111020 ,1.42
20111021 ,1.42
20111024 ,1.4
20111025 ,1.41
20111026 ,1.38
20111027 ,1.39
20111028 ,1.36
20111031 ,1.31
20111101 ,1.31
20111102 ,1.24
20111103 ,1.23
20111104 ,1.24
20111107 ,1.24
20111108 ,1.22
20111109 ,1.24
20111110 ,1.25
20111111 ,
20111114 ,1.28
20111115 ,1.27
20111116 ,1.27
20111117 ,1.29
20111118 ,1.25
20111121 ,1.28
20111122 ,1.3
20111123 ,1.32
20111124 ,
20111125 ,1.3
20111128 ,1.27
20111129 ,1.26
20111130 ,1.25
20111201 ,1.31
20111202 ,1.31
20111205 ,1.26
20111206 ,1.27
20111207 ,1.28
20111208 ,1.3
20111209 ,1.3
20111212 ,1.28
20111213 ,1.27
20111214 ,1.28
20111215 ,1.29
20111216 ,1.3
20111219 ,1.32
20111220 ,1.34
20111221 ,1.38
20111222 ,1.38
20111223 ,1.37
20111226 ,
20111227 ,1.38
20111228 ,1.39
20111229 ,1.39
20111230 ,1.39
20120102 ,
20120103 ,1.42
20120104 ,1.41
20120105 ,1.38
20120106 ,1.4
20120109 ,1.4
20120110 ,1.39
20120111 ,1.4
20120112 ,1.31
20120113 ,1.32
20120116 ,
20120117 ,1.32
20120118 ,1.39
20120119 ,1.36
20120120 ,1.43
20120123 ,1.42
20120124 ,1.41
20120125 ,1.39
20120126 ,1.36
20120127 ,1.36
20120130 ,1.35
20120131 ,1.35
20120201 ,1.32
20120202 ,1.32
20120203 ,1.3
20120206 ,1.28
20120207 ,1.27
20120208 ,1.27
20120209 ,1.31
20120210 ,1.31
20120213 ,1.32
20120214 ,1.32
20120215 ,1.31
20120216 ,1.29
20120217 ,1.31
20120220 ,
20120221 ,1.3
20120222 ,1.3
20120223 ,1.29
20120224 ,1.29
20120227 ,1.26
20120228 ,1.26
20120229 ,1.28
20120301 ,1.26
20120302 ,1.25
20120305 ,1.25
20120306 ,1.24
20120307 ,1.23
20120308 ,1.23
20120309 ,1.22
20120312 ,1.23
20120313 ,1.25
20120314 ,1.22
20120315 ,1.25
20120316 ,1.24
20120319 ,1.24
20120320 ,1.24
20120321 ,1.25
20120322 ,1.26
20120323 ,1.27
20120326 ,1.26
20120327 ,1.26
20120328 ,1.25
20120329 ,1.25
20120330 ,1.26
20120402 ,1.27
20120403 ,1.26
20120404 ,1.26
20120405 ,1.26
20120406 ,1.26
20120409 ,1.26
20120410 ,1.28
20120411 ,1.23
20120412 ,1.24
20120413 ,1.24
20120416 ,1.24
20120417 ,1.23
20120418 ,1.24
20120419 ,1.2
20120420 ,1.21
20120423 ,1.2
20120424 ,1.2
20120425 ,1.2
20120426 ,1.2
20120427 ,1.2
20120430 ,1.2
20120501 ,1.2
20120502 ,1.2
20120503 ,1.19
20120504 ,1.19
20120507 ,1.2
20120508 ,1.21
20120509 ,1.22
20120510 ,1.21
20120511 ,1.22
20120514 ,1.22
20120515 ,1.24
20120516 ,1.28
20120517 ,1.3
20120518 ,1.26
20120521 ,1.27
20120522 ,1.31
20120523 ,1.35
20120524 ,1.37
20120525 ,1.36
20120528 ,
20120529 ,1.37
20120530 ,1.35
20120531 ,1.36
20120601 ,1.34
20120604 ,1.35
20120605 ,1.35
20120606 ,1.36
20120607 ,1.38
20120608 ,1.38
20120611 ,1.39
20120612 ,1.38
20120613 ,1.38
20120614 ,1.38
20120615 ,1.38
20120618 ,1.38
20120619 ,1.38
20120620 ,1.39
20120621 ,1.37
20120622 ,1.38
20120625 ,1.39
20120626 ,1.41
20120627 ,1.41
20120628 ,1.41
20120629 ,1.4
20120702 ,1.43
20120703 ,1.43
20120704 ,
20120705 ,1.44
20120706 ,1.42
20120709 ,1.47
20120710 ,1.48
20120711 ,1.46
20120712 ,1.46
20120713 ,1.46
20120716 ,1.46
20120717 ,1.46
20120718 ,1.5
20120719 ,1.51
20120720 ,1.5
20120723 ,1.51
20120724 ,1.5
20120725 ,1.51
20120726 ,1.5
20120727 ,1.52
20120730 ,1.5
20120731 ,1.49
20120801 ,1.5
20120802 ,1.47
20120803 ,1.47
20120806 ,1.45
20120807 ,1.45
20120808 ,1.44
20120809 ,1.44
20120810 ,1.43
20120813 ,1.43
20120814 ,1.43
20120815 ,1.43
20120816 ,1.42
20120817 ,1.41
20120820 ,1.42
20120821 ,1.42
20120822 ,1.42
20120823 ,1.41
20120824 ,1.41
20120827 ,1.41
20120828 ,1.42
20120829 ,1.44
20120830 ,1.4
20120831 ,1.42
20120903 ,
20120904 ,1.38
20120905 ,1.38
20120906 ,1.41
20120907 ,1.4
20120910 ,1.4
20120911 ,1.41
20120912 ,1.39
20120913 ,1.37
20120914 ,1.36
20120917 ,1.36
20120918 ,1.32
20120919 ,1.31
20120920 ,1.34
20120921 ,1.33
20120924 ,1.31
20120925 ,1.32
20120926 ,1.34
20120927 ,1.34
20120928 ,1.3
20121001 ,1.29
20121002 ,1.29
20121003 ,1.26
20121004 ,1.22
20121005 ,1.21
20121008 ,
20121009 ,1.18
20121010 ,1.18
20121011 ,1.15
20121012 ,1.14
20121015 ,1.12
20121016 ,1.07
20121017 ,1.04
20121018 ,1.02
20121019 ,1.01
20121022 ,1.01
20121023 ,1.05
20121024 ,1.05
20121025 ,1.05
20121026 ,1.06
20121029 ,1.05
20121030 ,
20121031 ,1.05
20121101 ,1.05
20121102 ,1.05
20121105 ,1.04
20121106 ,1.04
20121107 ,1.06
20121108 ,1
20121109 ,1.03
20121112 ,
20121113 ,1.03
20121114 ,1.02
20121115 ,0.99
20121116 ,0.99
20121119 ,0.99
20121120 ,0.99
20121121 ,0.98
20121122 ,
20121123 ,0.99
20121126 ,0.99
20121127 ,0.99
20121128 ,1
20121129 ,1.01
20121130 ,0.99
20121203 ,0.99
20121204 ,1
20121205 ,1.01
20121206 ,1
20121207 ,1
20121210 ,0.99
20121211 ,0.99
20121212 ,0.98
20121213 ,0.97
20121214 ,0.96
20121217 ,0.97
20121218 ,0.96
20121219 ,0.97
20121220 ,0.97
20121221 ,0.97
20121224 ,0.97
20121225 ,
20121226 ,0.96
20121227 ,0.96
20121228 ,0.96
20121231 ,0.96
20130101 ,
20130102 ,0.94
20130103 ,0.95
20130104 ,0.93
20130107 ,0.92
20130108 ,0.93
20130109 ,0.94
20130110 ,0.93
20130111 ,0.92
20130114 ,0.93
20130115 ,0.93
20130116 ,0.94
20130117 ,0.94
20130118 ,0.94
20130121 ,
20130122 ,0.94
20130123 ,0.94
20130124 ,0.94
20130125 ,0.95
20130128 ,0.95
20130129 ,0.93
20130130 ,0.94
20130131 ,0.94
20130201 ,0.95
20130204 ,0.95
20130205 ,0.95
20130206 ,0.96
20130207 ,0.96
20130208 ,0.96
20130211 ,0.96
20130212 ,0.96
20130213 ,0.95
20130214 ,0.95
20130215 ,0.95
20130218 ,
20130219 ,0.94
20130220 ,0.93
20130221 ,0.95
20130222 ,0.94
20130225 ,0.93
20130226 ,0.96
20130227 ,0.96
20130228 ,0.94
20130301 ,0.93
20130304 ,0.93
20130305 ,0.93
20130306 ,0.93
20130307 ,0.93
20130308 ,0.92
20130311 ,0.92
20130312 ,0.92
20130313 ,0.91
20130314 ,0.91
20130315 ,0.91
20130318 ,0.92
20130319 ,0.92
20130320 ,0.92
20130321 ,0.92
20130322 ,0.92
20130325 ,0.92
20130326 ,0.92
20130327 ,0.93
20130328 ,0.93
20130329 ,
20130401 ,0.88
20130402 ,0.89
20130403 ,0.88
20130404 ,0.87
20130405 ,0.86
20130408 ,0.86
20130409 ,0.86
20130410 ,0.88
20130411 ,0.88
20130412 ,0.87
20130415 ,0.87
20130416 ,0.86
20130417 ,0.86
20130418 ,0.87
20130419 ,0.84
20130422 ,0.84
20130423 ,0.84
20130424 ,0.83
20130425 ,0.83
20130426 ,0.84
20130429 ,0.83
20130430 ,0.83
20130501 ,0.83
20130502 ,0.83
20130503 ,0.83
20130506 ,0.85
20130507 ,0.85
20130508 ,0.83
20130509 ,0.83
20130510 ,0.83
20130513 ,0.83
20130514 ,0.84
20130515 ,0.83
20130516 ,0.83
20130517 ,0.82
20130520 ,0.83
20130521 ,0.83
20130522 ,0.83
20130523 ,0.82
20130524 ,0.82
20130527 ,
20130528 ,0.82
20130529 ,0.84
20130530 ,0.84
20130531 ,0.86
20130603 ,0.89
20130604 ,0.9
20130605 ,0.92
20130606 ,0.86
20130607 ,0.87
20130610 ,0.87
20130611 ,0.87
20130612 ,0.88
20130613 ,0.88
20130614 ,0.88
20130617 ,0.88
20130618 ,0.89
20130619 ,0.9
20130620 ,0.9
20130621 ,0.96
20130624 ,0.97
20130625 ,1.02
20130626 ,1.01
20130627 ,1.03
20130628 ,1.03
20130701 ,1.03
20130702 ,1.01
20130703 ,1.04
20130704 ,
20130705 ,1.05
20130708 ,1.08
20130709 ,1.06
20130710 ,1.03
20130711 ,1.03
20130712 ,1.01
20130715 ,1
20130716 ,0.99
20130717 ,0.97
20130718 ,0.96
20130719 ,0.94
20130722 ,0.92
20130723 ,0.92
20130724 ,0.91
20130725 ,0.92
20130726 ,0.92
20130729 ,0.93
20130730 ,0.91
20130731 ,0.9
20130801 ,0.89
20130802 ,0.89
20130805 ,0.91
20130806 ,0.89
20130807 ,0.91
20130808 ,0.9
20130809 ,0.9
20130812 ,0.88
20130813 ,0.89
20130814 ,0.9
20130815 ,0.87
20130816 ,0.88
20130819 ,0.87
20130820 ,0.88
20130821 ,0.89
20130822 ,0.89
20130823 ,0.89
20130826 ,0.86
20130827 ,0.87
20130828 ,0.85
20130829 ,0.85
20130830 ,0.85
20130902 ,
20130903 ,0.83
20130904 ,0.82
20130905 ,0.81
20130906 ,0.81
20130909 ,0.82
20130910 ,0.84
20130911 ,0.83
20130912 ,0.84
20130913 ,0.85
20130916 ,0.84
20130917 ,0.82
20130918 ,0.81
20130919 ,0.82
20130920 ,0.81
20130923 ,0.82
20130924 ,0.82
20130925 ,0.83
20130926 ,0.83
20130927 ,0.83
20130930 ,0.83
20131001 ,0.83
20131002 ,0.82
20131003 ,0.83
20131004 ,0.82
20131007 ,0.82
20131008 ,0.81
20131009 ,0.8
20131010 ,0.8
20131011 ,0.8
20131014 ,
20131015 ,0.79
20131016 ,0.78
20131017 ,0.77
20131018 ,0.76
20131021 ,0.75
20131022 ,0.75
20131023 ,0.75
20131024 ,0.75
20131025 ,0.75
20131028 ,0.75
20131029 ,0.75
20131030 ,0.75
20131031 ,0.74
20131101 ,0.75
20131104 ,0.75
20131105 ,0.75
20131106 ,0.76
20131107 ,0.76
20131108 ,0.77
20131111 ,
20131112 ,0.77
20131113 ,0.77
20131114 ,0.76
20131115 ,0.76
20131118 ,0.75
20131119 ,0.75
20131120 ,0.75
20131121 ,0.74
20131122 ,0.75
20131125 ,0.74
20131126 ,0.75
20131127 ,0.75
20131128 ,
20131129 ,0.74
20131202 ,0.74
20131203 ,0.74
20131204 ,0.75
20131205 ,0.75
20131206 ,0.74
20131209 ,0.73
20131210 ,0.73
20131211 ,0.75
20131212 ,0.76
20131213 ,0.75
20131216 ,0.74
20131217 ,0.72
20131218 ,0.76
20131219 ,0.79
20131220 ,0.78
20131223 ,0.78
20131224 ,0.78
20131225 ,
20131226 ,0.78
20131227 ,0.82
20131230 ,0.81
20131231 ,0.8
20140101 ,
20140102 ,0.79
20140103 ,0.79
20140106 ,0.77
20140107 ,0.77
20140108 ,0.79
20140109 ,0.72
20140110 ,0.7
20140113 ,0.71
20140114 ,0.72
20140115 ,0.72
20140116 ,0.7
20140117 ,0.7
20140120 ,
20140121 ,0.69
20140122 ,0.69
20140123 ,0.68
20140124 ,0.65
20140127 ,0.66
20140128 ,0.64
20140129 ,0.64
20140130 ,0.64
20140131 ,0.64
20140203 ,0.65
20140204 ,0.63
20140205 ,0.64
20140206 ,0.63
20140207 ,0.64
20140210 ,0.64
20140211 ,0.64
20140212 ,0.62
20140213 ,0.63
20140214 ,0.63
20140217 ,
20140218 ,0.64
20140219 ,0.64
20140220 ,0.63
20140221 ,0.67
20140224 ,0.68
20140225 ,0.69
20140226 ,0.68
20140227 ,0.68
20140228 ,0.69
20140303 ,0.68
20140304 ,0.68
20140305 ,0.68
20140306 ,0.69
20140307 ,0.68
20140310 ,0.69
20140311 ,0.68
20140312 ,0.69
20140313 ,0.7
20140314 ,0.68
20140317 ,0.69
20140318 ,0.69
20140319 ,0.7
20140320 ,0.69
20140321 ,0.68
20140324 ,0.68
20140325 ,0.67
20140326 ,0.66
20140327 ,0.66
20140328 ,0.67
20140331 ,0.67
20140401 ,0.73
20140402 ,0.73
20140403 ,0.72
20140404 ,0.71
20140407 ,0.7
20140408 ,0.7
20140409 ,0.7
20140410 ,0.65
20140411 ,0.65
20140414 ,0.65
20140415 ,0.64
20140416 ,0.65
20140417 ,0.64
20140418 ,
20140421 ,0.65
20140422 ,0.64
20140423 ,0.64
20140424 ,0.64
20140425 ,0.63
20140428 ,0.63
20140429 ,0.62
20140430 ,0.62
20140501 ,0.61
20140502 ,0.62
20140505 ,0.62
20140506 ,0.63
20140507 ,0.62
20140508 ,0.62
20140509 ,0.62
20140512 ,0.62
20140513 ,0.62
20140514 ,0.62
20140515 ,0.64
20140516 ,0.63
20140519 ,0.61
20140520 ,0.6
20140521 ,0.61
20140522 ,0.58
20140523 ,0.59
20140526 ,
20140527 ,0.54
20140528 ,0.54
20140529 ,0.54
20140530 ,0.54
20140602 ,0.54
20140603 ,0.54
20140604 ,0.56
20140605 ,0.56
20140606 ,0.55
20140609 ,0.55
20140610 ,0.54
20140611 ,0.54
20140612 ,0.54
20140613 ,0.53
20140616 ,0.54
20140617 ,0.54
20140618 ,0.54
20140619 ,0.53
20140620 ,0.57
20140623 ,0.57
20140624 ,0.55
20140625 ,0.55
20140626 ,0.56
20140627 ,0.57
20140630 ,0.56
20140701 ,0.55
20140702 ,0.57
20140703 ,0.58
20140704 ,
20140707 ,0.57
20140708 ,0.58
20140709 ,0.58
20140710 ,0.56
20140711 ,0.56
20140714 ,0.57
20140715 ,0.57
20140716 ,0.57
20140717 ,0.58
20140718 ,0.57
20140721 ,0.58
20140722 ,0.58
20140723 ,0.56
20140724 ,0.55
20140725 ,0.55
20140728 ,0.59
20140729 ,0.59
20140730 ,0.59
20140731 ,0.6
20140801 ,0.57
20140804 ,0.57
20140805 ,0.59
20140806 ,0.59
20140807 ,0.6
20140808 ,0.62
20140811 ,0.62
20140812 ,0.61
20140813 ,0.63
20140814 ,0.63
20140815 ,0.63
20140818 ,0.64
20140819 ,0.62
20140820 ,0.62
20140821 ,0.61
20140822 ,0.63
20140825 ,0.63
20140826 ,0.62
20140827 ,0.62
20140828 ,0.63
20140829 ,0.63
20140901 ,
20140902 ,0.67
20140903 ,0.67
20140904 ,0.67
20140905 ,0.65
20140908 ,0.66
20140909 ,0.66
20140910 ,0.67
20140911 ,0.67
20140912 ,0.67
20140915 ,0.67
20140916 ,0.68
20140917 ,0.69
20140918 ,0.69
20140919 ,0.69
20140922 ,0.69
20140923 ,0.7
20140924 ,0.71
20140925 ,0.73
20140926 ,0.75
20140929 ,0.75
20140930 ,0.76
20141001 ,0.78
20141002 ,0.77
20141003 ,0.76
20141006 ,0.75
20141007 ,0.75
20141008 ,0.75
20141009 ,0.76
20141010 ,0.78
20141013 ,
20141014 ,0.79
20141015 ,0.81
20141016 ,0.8
20141017 ,0.79
20141020 ,0.76
20141021 ,0.74
20141022 ,0.74
20141023 ,0.75
20141024 ,0.75
20141027 ,0.76
20141028 ,0.77
20141029 ,0.77
20141030 ,0.83
20141031 ,0.84
20141103 ,0.85
20141104 ,0.85
20141105 ,0.85
20141106 ,0.86
20141107 ,0.87
20141110 ,0.87
20141111 ,
20141112 ,0.85
20141113 ,0.85
20141114 ,0.86
20141117 ,0.88
20141118 ,0.88
20141119 ,0.89
20141120 ,0.89
20141121 ,0.86
20141124 ,0.86
20141125 ,0.85
20141126 ,0.85
20141127 ,
20141128 ,0.87
20141201 ,0.9
20141202 ,0.89
20141203 ,0.89
20141204 ,0.89
20141205 ,0.89
20141208 ,0.92
20141209 ,0.94
20141210 ,0.96
20141211 ,0.98
20141212 ,1.01
20141215 ,0.98
20141216 ,0.97
20141217 ,0.99
20141218 ,0.98
20141219 ,0.96
20141222 ,0.97
20141223 ,0.96
20141224 ,0.96
20141225 ,
20141226 ,0.96
20141229 ,0.96
20141230 ,0.96
20141231 ,0.96
20150101 ,
20150102 ,0.96
20150105 ,0.97
20150106 ,0.99
20150107 ,0.98
20150108 ,1
20150109 ,1
20150112 ,1
20150113 ,0.97
20150114 ,0.98
20150115 ,0.98
20150116 ,0.99
20150119 ,
20150120 ,1.01
20150121 ,1
20150122 ,0.98
20150123 ,1.02
20150126 ,1
20150127 ,1
20150128 ,0.99
20150129 ,1
20150130 ,1
20150202 ,1
20150203 ,0.98
20150204 ,0.98
20150205 ,0.97
20150206 ,0.98
20150209 ,0.97
20150210 ,0.9
20150211 ,0.9
20150212 ,0.89
20150213 ,0.9
20150216 ,
20150217 ,0.89
20150218 ,0.87
20150219 ,0.87
20150220 ,0.85
20150223 ,0.84
20150224 ,0.83
20150225 ,0.84
20150226 ,0.83
20150227 ,0.82
20150302 ,0.86
20150303 ,0.85
20150304 ,0.85
20150305 ,0.87
20150306 ,0.88
20150309 ,0.88
20150310 ,0.89
20150311 ,0.89
20150312 ,0.89
20150313 ,0.9
20150316 ,0.88
20150317 ,0.88
20150318 ,0.88
20150319 ,0.9
20150320 ,0.89
20150323 ,0.92
20150324 ,0.91
20150325 ,0.94
20150326 ,0.95
20150327 ,0.95
20150330 ,0.96
20150331 ,0.97
20150401 ,0.97
20150402 ,0.98
20150403 ,1
20150406 ,0.99
20150407 ,0.98
20150408 ,0.98
20150409 ,0.97
20150410 ,0.96
20150413 ,0.96
20150414 ,0.97
20150415 ,0.97
20150416 ,0.98
20150417 ,0.97
20150420 ,0.95
20150421 ,0.95
20150422 ,0.94
20150423 ,0.94
20150424 ,0.94
20150427 ,0.94
20150428 ,0.95
20150429 ,0.95
20150430 ,0.91
20150501 ,0.91
20150504 ,0.91
20150505 ,0.91
20150506 ,0.91
20150507 ,0.9
20150508 ,0.9
20150511 ,0.91
20150512 ,0.92
20150513 ,0.93
20150514 ,0.93
20150515 ,0.91
20150518 ,0.91
20150519 ,0.91
20150520 ,0.9
20150521 ,0.88
20150522 ,0.88
20150525 ,
20150526 ,0.89
20150527 ,0.91
20150528 ,0.93
20150529 ,0.9
20150601 ,0.89
20150602 ,0.91
20150603 ,0.91
20150604 ,0.91
20150605 ,0.91
20150608 ,0.9
20150609 ,0.92
20150610 ,0.94
20150611 ,0.93
20150612 ,0.93
20150615 ,0.9
20150616 ,0.91
20150617 ,0.93
20150618 ,0.95
20150619 ,0.94
20150622 ,0.94
20150623 ,0.96
20150624 ,0.97
20150625 ,0.97
20150626 ,0.97
20150629 ,0.98
20150630 ,0.99
20150701 ,1
20150702 ,1
20150703 ,
20150706 ,1
20150707 ,1.02
20150708 ,1.02
20150709 ,1.02
20150710 ,1.03
20150713 ,1.05
20150714 ,1.06
20150715 ,1.07
20150716 ,1.05
20150717 ,1.05
20150720 ,1.06
20150721 ,1.04
20150722 ,1.05
20150723 ,1.05
20150724 ,1.07
20150727 ,1.09
20150728 ,1.11
20150729 ,1.1
20150730 ,1.11
20150731 ,1.07
20150803 ,1.09
20150804 ,1.09
20150805 ,1.1
20150806 ,1.09
20150807 ,1.13
20150810 ,1.11
20150811 ,1.13
20150812 ,1.11
20150813 ,1.13
20150814 ,1.14
20150817 ,1.14
20150818 ,1.17
20150819 ,1.18
20150820 ,1.16
20150821 ,1.2
20150824 ,1.21
20150825 ,1.21
20150826 ,1.21
20150827 ,1.19
20150828 ,1.2
20150831 ,1.21
20150901 ,1.2
20150902 ,1.21
20150903 ,1.22
20150904 ,1.25
20150907 ,
20150908 ,1.25
20150909 ,1.22
20150910 ,1.22
20150911 ,1.27
20150914 ,1.27
20150915 ,1.26
20150916 ,1.27
20150917 ,1.3
20150918 ,1.29
20150921 ,1.28
20150922 ,1.28
20150923 ,1.31
20150924 ,1.3
20150925 ,1.31
20150928 ,1.32
20150929 ,1.34
20150930 ,1.35
20151001 ,1.38
20151002 ,1.38
20151005 ,1.36
20151006 ,1.37
20151007 ,1.37
20151008 ,1.36
20151009 ,1.39
20151012 ,
20151013 ,1.41
20151014 ,1.4
20151015 ,1.4
20151016 ,1.4
20151019 ,1.4
20151020 ,1.42
20151021 ,1.42
20151022 ,1.41
20151023 ,1.39
20151026 ,1.39
20151027 ,1.41
20151028 ,1.39
20151029 ,1.36
20151030 ,1.37
20151102 ,1.37
20151103 ,1.36
20151104 ,1.36
20151105 ,1.39
20151106 ,1.41
20151109 ,1.39
20151110 ,1.39
20151111 ,
20151112 ,1.4
20151113 ,1.39
20151116 ,1.4
20151117 ,1.4
20151118 ,1.4
20151119 ,1.4
20151120 ,1.42
20151123 ,1.43
20151124 ,1.43
20151125 ,1.44
20151126 ,
20151127 ,1.44
20151130 ,1.42
20151201 ,1.44
20151202 ,1.46
20151203 ,1.45
20151204 ,1.44
20151207 ,1.43
20151208 ,1.48
20151209 ,1.44
20151210 ,1.47
20151211 ,1.46
20151214 ,1.45
20151215 ,1.49
20151216 ,1.5
20151217 ,1.51
20151218 ,1.53
20151221 ,1.54
20151222 ,1.53
20151223 ,1.54
20151224 ,1.51
20151225 ,
20151228 ,1.52
20151229 ,1.5
20151230 ,1.51
20151231 ,1.46
20160101 ,
20160104 ,1.45
20160105 ,1.48
20160106 ,1.5
20160107 ,1.49
20160108 ,1.49
20160111 ,1.48
20160112 ,1.49
20160113 ,1.47
20160114 ,1.5
20160115 ,1.42
20160118 ,
20160119 ,1.41
20160120 ,1.36
20160121 ,1.41
20160122 ,1.47
20160125 ,1.43
20160126 ,1.44
20160127 ,1.41
20160128 ,1.41
20160129 ,1.37
20160201 ,1.38
20160202 ,1.35
20160203 ,1.34
20160204 ,1.4
20160205 ,1.4
20160208 ,1.41
20160209 ,1.36
20160210 ,1.35
20160211 ,1.37
20160212 ,1.36
20160215 ,
20160216 ,1.36
20160217 ,1.38
20160218 ,1.36
20160219 ,1.36
20160222 ,1.37
20160223 ,1.39
20160224 ,1.4
20160225 ,1.42
20160226 ,1.44
20160229 ,1.45
20160301 ,1.46
20160302 ,1.44
20160303 ,1.41
20160304 ,1.39
20160307 ,1.39
20160308 ,1.36
20160309 ,1.37
20160310 ,1.35
20160311 ,1.38
20160314 ,1.37
20160315 ,1.37
20160316 ,1.35
20160317 ,1.32
20160318 ,1.28
20160321 ,1.24
20160322 ,1.25
20160323 ,1.21
20160324 ,1.2
20160325 ,
20160328 ,1.2
20160329 ,1.19
20160330 ,1.18
20160331 ,1.18
20160401 ,1.17
20160404 ,1.17
20160405 ,1.18
20160406 ,1.2
20160407 ,1.18
20160408 ,1.18
20160411 ,1.17
20160412 ,1.17
20160413 ,1.18
20160414 ,1.17
20160415 ,1.16
20160418 ,1.16
20160419 ,1.23
20160420 ,1.21
20160421 ,1.22
20160422 ,1.19
20160425 ,1.17
20160426 ,1.14
20160427 ,1.14
20160428 ,1.1
20160429 ,1.06
20160502 ,1.06
20160503 ,1.01
20160504 ,0.98
20160505 ,0.99
20160506 ,0.99
20160509 ,1
20160510 ,1.01
20160511 ,1.02
20160512 ,1.02
20160513 ,1.04
20160516 ,1.03
20160517 ,1.04
20160518 ,1.03
20160519 ,1.04
20160520 ,1.04
20160523 ,1.02
20160524 ,1.03
20160525 ,1.05
20160526 ,1.06
20160527 ,1.05
20160530 ,
20160531 ,1.05
20160601 ,1.04
20160602 ,1.05
20160603 ,1.06
20160606 ,1.05
20160607 ,1.05
20160608 ,1.04
20160609 ,1.04
20160610 ,1.02
20160613 ,1.01
20160614 ,1.05
20160615 ,1.07
20160616 ,1.04
20160617 ,1.04
20160620 ,1.04
20160621 ,1
20160622 ,0.99
20160623 ,0.98
20160624 ,1
20160627 ,1
20160628 ,0.99
20160629 ,1.03
20160630 ,1.02
20160701 ,0.98
20160704 ,
20160705 ,0.98
20160706 ,0.98
20160707 ,0.97
20160708 ,0.97
20160711 ,0.96
20160712 ,0.93
20160713 ,0.93
20160714 ,0.95
20160715 ,0.93
20160718 ,0.92
20160719 ,0.92
20160720 ,0.91
20160721 ,0.9
20160722 ,0.89
20160725 ,0.93
20160726 ,0.91
20160727 ,0.9
20160728 ,0.9
20160729 ,0.92
20160801 ,0.92
20160802 ,0.93
20160803 ,0.85
20160804 ,0.85
20160805 ,0.9
20160808 ,0.89
20160809 ,0.88
20160810 ,0.91
20160811 ,0.94
20160812 ,0.94
20160815 ,0.92
20160816 ,0.93
20160817 ,0.94
20160818 ,0.95
20160819 ,0.95
20160822 ,0.95
20160823 ,0.94
20160824 ,0.95
20160825 ,0.94
20160826 ,0.95
20160829 ,0.94
20160830 ,0.95
20160831 ,0.95
20160901 ,0.95
20160902 ,0.95
20160905 ,
20160906 ,0.94
20160907 ,0.91
20160908 ,0.92
20160909 ,0.91
20160912 ,0.93
20160913 ,0.92
20160914 ,0.9
20160915 ,0.91
20160916 ,0.9
20160919 ,0.9
20160920 ,0.89
20160921 ,0.89
20160922 ,0.88
20160923 ,0.86
20160926 ,0.86
20160927 ,0.86
20160928 ,0.87
20160929 ,0.86
20160930 ,0.85
20161003 ,0.86
20161004 ,0.86
20161005 ,0.85
20161006 ,0.83
20161007 ,0.86
20161010 ,
20161011 ,0.85
20161012 ,0.88
20161013 ,0.86
20161014 ,0.87
20161017 ,0.87
20161018 ,0.89
20161019 ,0.91
20161020 ,0.89
20161021 ,0.89
20161024 ,0.88
20161025 ,0.88
20161026 ,0.87
20161027 ,0.85
20161028 ,0.82
20161031 ,0.84
20161101 ,0.84
20161102 ,0.83
20161103 ,0.84
20161104 ,0.84
20161107 ,0.82
20161108 ,0.8
20161109 ,0.88
20161110 ,0.88
20161111 ,
20161114 ,0.86
20161115 ,0.91
20161116 ,0.91
20161117 ,0.87
20161118 ,0.87
20161121 ,0.85
20161122 ,0.83
20161123 ,0.83
20161124 ,
20161125 ,0.82
20161128 ,0.81
20161129 ,0.81
20161130 ,0.81
20161201 ,0.79
20161202 ,0.79
20161205 ,0.79
20161206 ,0.79
20161207 ,0.78
20161208 ,0.78
20161209 ,0.78
20161212 ,0.79
20161213 ,0.78
20161214 ,0.78
20161215 ,0.77
20161216 ,0.77
20161219 ,0.77
20161220 ,0.76
20161221 ,0.76
20161222 ,0.76
20161223 ,0.76
20161226 ,
20161227 ,0.75
20161228 ,0.76
20161229 ,0.75
20161230 ,0.75
20170102 ,
20170103 ,0.78
20170104 ,0.78
20170105 ,0.77
20170106 ,0.75
20170109 ,0.74
20170110 ,0.75
20170111 ,0.76
20170112 ,0.75
20170113 ,0.73
20170116 ,
20170117 ,0.75
20170118 ,0.73
20170119 ,0.73
20170120 ,0.72
20170123 ,0.71
20170124 ,0.73
20170125 ,0.72
20170126 ,0.71
20170127 ,0.73
20170130 ,0.75
20170131 ,0.69
20170201 ,0.7
20170202 ,0.71
20170203 ,0.69
20170206 ,0.7
20170207 ,0.68
20170208 ,0.68
20170209 ,0.7
20170210 ,0.67
20170213 ,0.68
20170214 ,0.68
20170215 ,0.69
20170216 ,0.67
20170217 ,0.68
20170220 ,
20170221 ,0.68
20170222 ,0.69
20170223 ,0.7
20170224 ,0.69
20170227 ,0.7
20170228 ,0.71
20170301 ,0.69
20170302 ,0.7
20170303 ,0.7
20170306 ,0.68
20170307 ,0.67
20170308 ,0.65
20170309 ,0.66
20170310 ,0.65
20170313 ,0.66
20170314 ,0.65
20170315 ,0.64
20170316 ,0.66
20170317 ,0.66
20170320 ,0.67
20170321 ,0.67
20170322 ,0.67
20170323 ,0.68
20170324 ,0.68
20170327 ,0.69
20170328 ,0.69
20170329 ,0.7
20170330 ,0.71
20170331 ,0.7
20170403 ,0.7
20170404 ,0.69
20170405 ,0.69
20170406 ,0.69
20170407 ,0.69
20170410 ,0.7
20170411 ,0.71
20170412 ,0.71
20170413 ,0.69
20170414 ,
20170417 ,0.69
20170418 ,0.7
20170419 ,0.7
20170420 ,0.7
20170421 ,0.7
20170424 ,0.71
20170425 ,0.72
20170426 ,0.71
20170427 ,0.71
20170428 ,0.72
20170501 ,0.7
20170502 ,0.71
20170503 ,0.71
20170504 ,0.72
20170505 ,0.7
20170508 ,0.7
20170509 ,0.7
20170510 ,0.69
20170511 ,0.71
20170512 ,0.72
20170515 ,0.72
20170516 ,0.72
20170517 ,0.71
20170518 ,0.71
20170519 ,0.69
20170522 ,0.68
20170523 ,0.67
20170524 ,0.68
20170525 ,0.67
20170526 ,0.68
20170529 ,
20170530 ,0.68
20170531 ,0.69
20170601 ,0.69
20170602 ,0.69
20170605 ,0.7
20170606 ,0.7
20170607 ,0.68
20170608 ,0.68
20170609 ,0.68
20170612 ,0.67
20170613 ,0.66
20170614 ,0.68
20170615 ,0.67
20170616 ,0.68
20170619 ,0.69
20170620 ,0.71
20170621 ,0.71
20170622 ,0.71
20170623 ,0.7
20170626 ,0.71
20170627 ,0.71
20170628 ,0.7
20170629 ,0.7
20170630 ,0.69
20170703 ,0.7
20170704 ,
20170705 ,0.69
20170706 ,0.69
20170707 ,0.68
20170710 ,0.68
20170711 ,0.71
20170712 ,0.7
20170713 ,0.69
20170714 ,0.71
20170717 ,0.71
20170718 ,0.7
20170719 ,0.69
20170720 ,0.69
20170721 ,0.68
20170724 ,0.71
20170725 ,0.69
20170726 ,0.68
20170727 ,0.68
20170728 ,0.67
20170731 ,0.68
20170801 ,0.68
20170802 ,0.69
20170803 ,0.69
20170804 ,0.67
20170807 ,0.67
20170808 ,0.68
20170809 ,0.7
20170810 ,0.69
20170811 ,0.68
20170814 ,0.68
20170815 ,0.68
20170816 ,0.68
20170817 ,0.66
20170818 ,0.67
20170821 ,0.68
20170822 ,0.66
20170823 ,0.67
20170824 ,0.67
20170825 ,0.67
20170828 ,0.67
20170829 ,0.66
20170830 ,0.67
20170831 ,0.67
20170901 ,0.67
20170904 ,
20170905 ,0.66
20170906 ,0.66
20170907 ,0.62
20170908 ,0.63
20170911 ,0.64
20170912 ,0.67
20170913 ,0.66
20170914 ,0.66
20170915 ,0.67
20170918 ,0.66
20170919 ,0.66
20170920 ,0.67
20170921 ,0.7
20170922 ,0.69
20170925 ,0.7
20170926 ,0.7
20170927 ,0.73
20170928 ,0.72
20170929 ,0.71
20171002 ,0.72
20171003 ,0.72
20171004 ,0.75
20171005 ,0.74
20171006 ,0.72
20171009 ,0.71
20171010 ,0.71
20171011 ,0.72
20171012 ,0.72
20171013 ,0.71
20171016 ,0.71
20171017 ,0.71
20171018 ,0.71
20171019 ,0.72
20171020 ,0.73
20171023 ,0.72
20171024 ,0.71
20171025 ,0.73
20171026 ,0.72
20171027 ,0.72
20171030 ,0.71
20171031 ,0.71
20171101 ,0.73
20171102 ,0.73
20171103 ,0.72
20171106 ,0.73
20171107 ,0.72
20171108 ,0.67
20171109 ,0.66
20171110 ,
20171113 ,0.64
20171114 ,0.65
20171115 ,0.68
20171116 ,0.67
20171117 ,0.67
20171120 ,0.68
20171121 ,0.68
20171122 ,0.71
20171123 ,
20171124 ,0.71
20171127 ,0.72
20171128 ,0.7
20171129 ,0.69
20171130 ,0.69
20171201 ,0.72
20171204 ,0.72
20171205 ,0.72
20171206 ,0.71
20171207 ,0.72
20171208 ,0.71
20171211 ,0.72
20171212 ,0.72
20171213 ,0.71
20171214 ,0.71
20171215 ,0.72
20171218 ,0.72
20171219 ,0.71
20171220 ,0.71
20171221 ,0.72
20171222 ,0.72
20171225 ,
20171226 ,0.72
20171227 ,0.71
20171228 ,0.71
20171229 ,0.72
