Time Period,DTERM(10year-1month)
2004/1/1,
2004/1/2,3.45
2004/1/5,3.5
2004/1/6,3.38
2004/1/7,3.36
2004/1/8,3.39
2004/1/9,3.24
2004/1/12,3.22
2004/1/13,3.16
2004/1/14,3.13
2004/1/15,3.11
2004/1/16,3.15
2004/1/19,
2004/1/20,3.19
2004/1/21,3.16
2004/1/22,3.11
2004/1/23,3.19
2004/1/26,3.26
2004/1/27,3.2
2004/1/28,3.28
2004/1/29,3.28
2004/1/30,3.24
2004/2/2,3.24
2004/2/3,3.19
2004/2/4,3.21
2004/2/5,3.26
2004/2/6,3.19
2004/2/9,3.15
2004/2/10,3.18
2004/2/11,3.12
2004/2/12,3.17
2004/2/13,3.13
2004/2/16,
2004/2/17,3.1
2004/2/18,3.11
2004/2/19,3.11
2004/2/20,3.16
2004/2/23,3.08
2004/2/24,3.07
2004/2/25,3.06
2004/2/26,3.09
2004/2/27,3.03
2004/3/1,3.03
2004/3/2,3.08
2004/3/3,3.1
2004/3/4,3.08
2004/3/5,2.91
2004/3/8,2.82
2004/3/9,2.77
2004/3/10,2.78
2004/3/11,2.77
2004/3/12,2.82
2004/3/15,2.82
2004/3/16,2.74
2004/3/17,2.78
2004/3/18,2.83
2004/3/19,2.86
2004/3/22,2.79
2004/3/23,2.78
2004/3/24,2.8
2004/3/25,2.81
2004/3/26,2.9
2004/3/29,2.95
2004/3/30,2.95
2004/3/31,2.91
2004/4/1,2.98
2004/4/2,3.2
2004/4/5,3.3
2004/4/6,3.25
2004/4/7,3.24
2004/4/8,3.28
2004/4/9,
2004/4/12,3.31
2004/4/13,3.41
2004/4/14,3.45
2004/4/15,3.47
2004/4/16,3.43
2004/4/19,3.43
2004/4/20,3.46
2004/4/21,3.46
2004/4/22,3.43
2004/4/23,3.5
2004/4/26,3.47
2004/4/27,3.45
2004/4/28,3.53
2004/4/29,3.58
2004/4/30,3.55
2004/5/3,3.53
2004/5/4,3.56
2004/5/5,3.62
2004/5/6,3.63
2004/5/7,3.72
2004/5/10,3.73
2004/5/11,3.74
2004/5/12,3.79
2004/5/13,3.85
2004/5/14,3.8
2004/5/17,3.64
2004/5/18,3.69
2004/5/19,3.75
2004/5/20,3.69
2004/5/21,3.73
2004/5/24,3.68
2004/5/25,3.66
2004/5/26,3.59
2004/5/27,3.54
2004/5/28,3.58
2004/5/31,
2004/6/1,3.54
2004/6/2,3.57
2004/6/3,3.54
2004/6/4,3.57
2004/6/7,3.54
2004/6/8,3.51
2004/6/9,3.55
2004/6/10,3.51
2004/6/11,
2004/6/14,3.48
2004/6/15,3.35
2004/6/16,3.44
2004/6/17,3.43
2004/6/18,3.43
2004/6/21,3.37
2004/6/22,3.4
2004/6/23,3.42
2004/6/24,3.37
2004/6/25,3.35
2004/6/28,3.38
2004/6/29,3.32
2004/6/30,3.29
2004/7/1,3.35
2004/7/2,3.18
2004/7/5,
2004/7/6,3.15
2004/7/7,3.2
2004/7/8,3.22
2004/7/9,3.21
2004/7/12,3.12
2004/7/13,3.16
2004/7/14,3.16
2004/7/15,3.15
2004/7/16,3.03
2004/7/19,3.03
2004/7/20,3.11
2004/7/21,3.15
2004/7/22,3.11
2004/7/23,3.07
2004/7/26,3.04
2004/7/27,3.16
2004/7/28,3.15
2004/7/29,3.15
2004/7/30,3.05
2004/8/2,2.98
2004/8/3,2.97
2004/8/4,2.96
2004/8/5,2.95
2004/8/6,2.8
2004/8/9,2.77
2004/8/10,2.82
2004/8/11,2.86
2004/8/12,2.84
2004/8/13,2.78
2004/8/16,2.77
2004/8/17,2.73
2004/8/18,2.74
2004/8/19,2.74
2004/8/20,2.75
2004/8/23,2.74
2004/8/24,2.74
2004/8/25,2.72
2004/8/26,2.67
2004/8/27,2.67
2004/8/30,2.58
2004/8/31,2.54
2004/9/1,2.55
2004/9/2,2.6
2004/9/3,2.65
2004/9/6,
2004/9/7,2.6
2004/9/8,2.53
2004/9/9,2.58
2004/9/10,2.53
2004/9/13,2.5
2004/9/14,2.49
2004/9/15,2.51
2004/9/16,2.41
2004/9/17,2.43
2004/9/20,2.34
2004/9/21,2.33
2004/9/22,2.29
2004/9/23,2.3
2004/9/24,2.31
2004/9/27,2.27
2004/9/28,2.3
2004/9/29,2.38
2004/9/30,2.43
2004/10/1,2.5
2004/10/4,2.48
2004/10/5,2.47
2004/10/6,2.52
2004/10/7,2.56
2004/10/8,2.44
2004/10/11,
2004/10/12,2.4
2004/10/13,2.37
2004/10/14,2.29
2004/10/15,2.31
2004/10/18,2.26
2004/10/19,2.25
2004/10/20,2.19
2004/10/21,2.16
2004/10/22,2.15
2004/10/25,2.09
2004/10/26,2.1
2004/10/27,2.19
2004/10/28,2.18
2004/10/29,2.14
2004/11/1,2.12
2004/11/2,2.13
2004/11/3,2.13
2004/11/4,2.12
2004/11/5,2.18
2004/11/8,2.15
2004/11/9,2.14
2004/11/10,2.17
2004/11/11,
2004/11/12,2.12
2004/11/15,2.08
2004/11/16,2.07
2004/11/17,2.01
2004/11/18,1.99
2004/11/19,2.05
2004/11/22,1.98
2004/11/23,2
2004/11/24,2.02
2004/11/25,
2004/11/26,2.03
2004/11/29,2.11
2004/11/30,2.13
2004/12/1,2.16
2004/12/2,2.18
2004/12/3,2.06
2004/12/6,1.99
2004/12/7,1.98
2004/12/8,1.9
2004/12/9,1.95
2004/12/10,1.91
2004/12/13,1.92
2004/12/14,1.93
2004/12/15,1.88
2004/12/16,1.99
2004/12/17,2.01
2004/12/20,1.99
2004/12/21,1.98
2004/12/22,2.03
2004/12/23,2.04
2004/12/24,
2004/12/27,2.04
2004/12/28,2.06
2004/12/29,2.11
2004/12/30,2.05
2004/12/31,2.02
2005/1/3,1.91
2005/1/4,1.96
2005/1/5,1.96
2005/1/6,1.98
2005/1/7,1.97
2005/1/10,1.93
2005/1/11,1.92
2005/1/12,1.91
2005/1/13,1.85
2005/1/14,1.86
2005/1/17,
2005/1/18,1.82
2005/1/19,1.83
2005/1/20,1.82
2005/1/21,1.8
2005/1/24,1.77
2005/1/25,1.81
2005/1/26,1.8
2005/1/27,1.78
2005/1/28,1.7
2005/1/31,1.63
2005/2/1,1.64
2005/2/2,1.64
2005/2/3,1.7
2005/2/4,1.62
2005/2/7,1.56
2005/2/8,1.56
2005/2/9,1.49
2005/2/10,1.56
2005/2/11,1.55
2005/2/14,1.49
2005/2/15,1.51
2005/2/16,1.59
2005/2/17,1.61
2005/2/18,1.66
2005/2/21,
2005/2/22,1.62
2005/2/23,1.6
2005/2/24,1.6
2005/2/25,1.53
2005/2/28,1.6
2005/3/1,1.63
2005/3/2,1.64
2005/3/3,1.63
2005/3/4,1.56
2005/3/7,1.55
2005/3/8,1.63
2005/3/9,1.76
2005/3/10,1.73
2005/3/11,1.8
2005/3/14,1.72
2005/3/15,1.73
2005/3/16,1.72
2005/3/17,1.68
2005/3/18,1.7
2005/3/21,1.68
2005/3/22,1.74
2005/3/23,1.78
2005/3/24,1.76
2005/3/25,
2005/3/28,1.8
2005/3/29,1.76
2005/3/30,1.73
2005/3/31,1.71
2005/4/1,1.66
2005/4/4,1.67
2005/4/5,1.69
2005/4/6,1.68
2005/4/7,1.72
2005/4/8,1.71
2005/4/11,1.69
2005/4/12,1.62
2005/4/13,1.61
2005/4/14,1.59
2005/4/15,1.48
2005/4/18,1.37
2005/4/19,1.3
2005/4/20,1.35
2005/4/21,1.44
2005/4/22,1.33
2005/4/25,1.33
2005/4/26,1.37
2005/4/27,1.36
2005/4/28,1.31
2005/4/29,1.31
2005/5/2,1.28
2005/5/3,1.3
2005/5/4,1.33
2005/5/5,1.38
2005/5/6,1.41
2005/5/9,1.38
2005/5/10,1.33
2005/5/11,1.34
2005/5/12,1.3
2005/5/13,1.29
2005/5/16,1.24
2005/5/17,1.24
2005/5/18,1.21
2005/5/19,1.24
2005/5/20,1.23
2005/5/23,1.1
2005/5/24,1.1
2005/5/25,1.13
2005/5/26,1.14
2005/5/27,1.11
2005/5/30,
2005/5/31,1.01
2005/6/1,0.94
2005/6/2,0.92
2005/6/3,0.97
2005/6/6,0.94
2005/6/7,0.9
2005/6/8,0.93
2005/6/9,0.99
2005/6/10,1.04
2005/6/13,1.06
2005/6/14,1.12
2005/6/15,1.12
2005/6/16,1.11
2005/6/17,1.1
2005/6/20,1.09
2005/6/21,1.04
2005/6/22,0.92
2005/6/23,0.89
2005/6/24,0.83
2005/6/27,0.75
2005/6/28,0.83
2005/6/29,0.86
2005/6/30,0.81
2005/7/1,0.89
2005/7/4,
2005/7/5,0.89
2005/7/6,0.89
2005/7/7,0.9
2005/7/8,0.94
2005/7/11,0.92
2005/7/12,0.94
2005/7/13,0.95
2005/7/14,0.96
2005/7/15,0.92
2005/7/18,0.92
2005/7/19,0.89
2005/7/20,0.87
2005/7/21,0.93
2005/7/22,0.85
2005/7/25,0.81
2005/7/26,0.81
2005/7/27,0.87
2005/7/28,0.79
2005/7/29,0.86
2005/8/1,0.84
2005/8/2,0.85
2005/8/3,0.84
2005/8/4,0.85
2005/8/5,0.88
2005/8/8,0.88
2005/8/9,0.89
2005/8/10,0.89
2005/8/11,0.81
2005/8/12,0.72
2005/8/15,0.73
2005/8/16,0.69
2005/8/17,0.76
2005/8/18,0.71
2005/8/19,0.69
2005/8/22,0.69
2005/8/23,0.67
2005/8/24,0.66
2005/8/25,0.64
2005/8/26,0.65
2005/8/29,0.66
2005/8/30,0.62
2005/8/31,0.5
2005/9/1,0.54
2005/9/2,0.57
2005/9/5,
2005/9/6,0.57
2005/9/7,0.66
2005/9/8,0.67
2005/9/9,0.65
2005/9/12,0.67
2005/9/13,0.67
2005/9/14,0.75
2005/9/15,0.77
2005/9/16,0.76
2005/9/19,0.67
2005/9/20,0.65
2005/9/21,0.78
2005/9/22,0.72
2005/9/23,0.77
2005/9/26,0.78
2005/9/27,0.81
2005/9/28,0.8
2005/9/29,0.75
2005/9/30,0.79
2005/10/3,0.78
2005/10/4,0.75
2005/10/5,0.78
2005/10/6,0.76
2005/10/7,0.72
2005/10/10,
2005/10/11,0.66
2005/10/12,0.75
2005/10/13,0.73
2005/10/14,0.7
2005/10/17,0.64
2005/10/18,0.64
2005/10/19,0.61
2005/10/20,0.61
2005/10/21,0.52
2005/10/24,0.53
2005/10/25,0.61
2005/10/26,0.7
2005/10/27,0.69
2005/10/28,0.65
2005/10/31,0.59
2005/11/1,0.62
2005/11/2,0.67
2005/11/3,0.71
2005/11/4,0.68
2005/11/7,0.69
2005/11/8,0.61
2005/11/9,0.65
2005/11/10,0.58
2005/11/11,
2005/11/14,0.59
2005/11/15,0.55
2005/11/16,0.49
2005/11/17,0.45
2005/11/18,0.49
2005/11/21,0.46
2005/11/22,0.5
2005/11/23,0.52
2005/11/24,
2005/11/25,0.48
2005/11/28,0.43
2005/11/29,0.5
2005/11/30,0.54
2005/12/1,0.55
2005/12/2,0.53
2005/12/5,0.53
2005/12/6,0.45
2005/12/7,0.49
2005/12/8,0.53
2005/12/9,0.6
2005/12/12,0.66
2005/12/13,0.63
2005/12/14,0.56
2005/12/15,0.54
2005/12/16,0.52
2005/12/19,0.49
2005/12/20,0.52
2005/12/21,0.51
2005/12/22,0.46
2005/12/23,0.39
2005/12/26,
2005/12/27,0.36
2005/12/28,0.43
2005/12/29,0.36
2005/12/30,0.31
2006/1/2,
2006/1/3,0.21
2006/1/4,0.17
2006/1/5,0.16
2006/1/6,0.16
2006/1/9,0.15
2006/1/10,0.14
2006/1/11,0.16
2006/1/12,0.1
2006/1/13,0.03
2006/1/16,
2006/1/17,-0.04
2006/1/18,-0.01
2006/1/19,0.03
2006/1/20,0.02
2006/1/23,-0.02
2006/1/24,0
2006/1/25,0.07
2006/1/26,0.08
2006/1/27,0.07
2006/1/30,0.06
2006/1/31,0.06
2006/2/1,0.1
2006/2/2,0.09
2006/2/3,0.06
2006/2/6,0.07
2006/2/7,0.08
2006/2/8,0.06
2006/2/9,0.02
2006/2/10,0.06
2006/2/13,0.03
2006/2/14,0.07
2006/2/15,0.06
2006/2/16,0.04
2006/2/17,0
2006/2/20,
2006/2/21,0.01
2006/2/22,-0.04
2006/2/23,-0.03
2006/2/24,-0.02
2006/2/27,-0.03
2006/2/28,-0.07
2006/3/1,-0.01
2006/3/2,0.02
2006/3/3,0.06
2006/3/6,0.14
2006/3/7,0.14
2006/3/8,0.15
2006/3/9,0.14
2006/3/10,0.14
2006/3/13,0.16
2006/3/14,0.12
2006/3/15,0.1
2006/3/16,0.03
2006/3/17,0.04
2006/3/20,0
2006/3/21,0.02
2006/3/22,0.01
2006/3/23,0.06
2006/3/24,0.02
2006/3/27,0.07
2006/3/28,0.14
2006/3/29,0.18
2006/3/30,0.25
2006/3/31,0.23
2006/4/3,0.21
2006/4/4,0.19
2006/4/5,0.17
2006/4/6,0.22
2006/4/7,0.28
2006/4/10,0.28
2006/4/11,0.23
2006/4/12,0.28
2006/4/13,0.35
2006/4/14,
2006/4/17,0.29
2006/4/18,0.27
2006/4/19,0.31
2006/4/20,0.31
2006/4/21,0.26
2006/4/24,0.24
2006/4/25,0.28
2006/4/26,0.33
2006/4/27,0.31
2006/4/28,0.3
2006/5/1,0.32
2006/5/2,0.31
2006/5/3,0.33
2006/5/4,0.36
2006/5/5,0.29
2006/5/8,0.25
2006/5/9,0.25
2006/5/10,0.25
2006/5/11,0.32
2006/5/12,0.34
2006/5/15,0.29
2006/5/16,0.27
2006/5/17,0.33
2006/5/18,0.25
2006/5/19,0.23
2006/5/22,0.21
2006/5/23,0.23
2006/5/24,0.21
2006/5/25,0.25
2006/5/26,0.22
2006/5/29,
2006/5/30,0.25
2006/5/31,0.26
2006/6/1,0.28
2006/6/2,0.19
2006/6/5,0.17
2006/6/6,0.15
2006/6/7,0.16
2006/6/8,0.13
2006/6/9,0.1
2006/6/12,0.06
2006/6/13,0.08
2006/6/14,0.15
2006/6/15,0.25
2006/6/16,0.25
2006/6/19,0.21
2006/6/20,0.23
2006/6/21,0.24
2006/6/22,0.28
2006/6/23,0.25
2006/6/26,0.22
2006/6/27,0.16
2006/6/28,0.24
2006/6/29,0.21
2006/6/30,0.14
2006/7/3,0.07
2006/7/4,
2006/7/5,0.22
2006/7/6,0.19
2006/7/7,0.12
2006/7/10,0.07
2006/7/11,0.05
2006/7/12,0.04
2006/7/13,0.03
2006/7/14,0.01
2006/7/17,-0.04
2006/7/18,0
2006/7/19,-0.05
2006/7/20,-0.05
2006/7/21,-0.05
2006/7/24,-0.05
2006/7/25,-0.06
2006/7/26,-0.07
2006/7/27,-0.03
2006/7/28,-0.07
2006/7/31,-0.11
2006/8/1,-0.13
2006/8/2,-0.14
2006/8/3,-0.15
2006/8/4,-0.18
2006/8/7,-0.19
2006/8/8,-0.17
2006/8/9,-0.15
2006/8/10,-0.12
2006/8/11,-0.1
2006/8/14,-0.12
2006/8/15,-0.17
2006/8/16,-0.2
2006/8/17,-0.22
2006/8/18,-0.26
2006/8/21,-0.29
2006/8/22,-0.28
2006/8/23,-0.27
2006/8/24,-0.28
2006/8/25,-0.32
2006/8/28,-0.3
2006/8/29,-0.28
2006/8/30,-0.29
2006/8/31,-0.31
2006/9/1,-0.29
2006/9/4,
2006/9/5,-0.22
2006/9/6,-0.17
2006/9/7,-0.17
2006/9/8,-0.15
2006/9/11,-0.13
2006/9/12,-0.12
2006/9/13,-0.14
2006/9/14,-0.16
2006/9/15,-0.16
2006/9/18,-0.13
2006/9/19,-0.2
2006/9/20,-0.2
2006/9/21,-0.27
2006/9/22,-0.33
2006/9/25,-0.32
2006/9/26,-0.29
2006/9/27,-0.28
2006/9/28,-0.24
2006/9/29,-0.25
2006/10/2,-0.26
2006/10/3,-0.28
2006/10/4,-0.36
2006/10/5,-0.33
2006/10/6,-0.25
2006/10/9,
2006/10/10,-0.25
2006/10/11,-0.24
2006/10/12,-0.27
2006/10/13,-0.24
2006/10/16,-0.3
2006/10/17,-0.31
2006/10/18,-0.32
2006/10/19,-0.31
2006/10/20,-0.3
2006/10/23,-0.29
2006/10/24,-0.3
2006/10/25,-0.34
2006/10/26,-0.39
2006/10/27,-0.43
2006/10/30,-0.42
2006/10/31,-0.47
2006/11/1,-0.5
2006/11/2,-0.47
2006/11/3,-0.37
2006/11/6,-0.38
2006/11/7,-0.42
2006/11/8,-0.46
2006/11/9,-0.47
2006/11/10,-0.51
2006/11/13,-0.48
2006/11/14,-0.52
2006/11/15,-0.48
2006/11/16,-0.43
2006/11/17,-0.48
2006/11/20,-0.48
2006/11/21,-0.49
2006/11/22,-0.48
2006/11/23,
2006/11/24,-0.49
2006/11/27,-0.51
2006/11/28,-0.53
2006/11/29,-0.52
2006/11/30,-0.57
2006/12/1,-0.6
2006/12/4,-0.58
2006/12/5,-0.54
2006/12/6,-0.51
2006/12/7,-0.49
2006/12/8,-0.41
2006/12/11,-0.41
2006/12/12,-0.44
2006/12/13,-0.36
2006/12/14,-0.36
2006/12/15,-0.31
2006/12/18,-0.36
2006/12/19,-0.36
2006/12/20,-0.36
2006/12/21,-0.42
2006/12/22,-0.36
2006/12/25,
2006/12/26,-0.38
2006/12/27,-0.31
2006/12/28,-0.3
2006/12/29,-0.31
2007/1/1,
2007/1/2,-0.39
2007/1/3,-0.38
2007/1/4,-0.42
2007/1/5,-0.4
2007/1/8,-0.42
2007/1/9,-0.42
2007/1/10,-0.4
2007/1/11,-0.37
2007/1/12,-0.32
2007/1/15,
2007/1/16,-0.36
2007/1/17,-0.33
2007/1/18,-0.37
2007/1/19,-0.36
2007/1/22,-0.37
2007/1/23,-0.33
2007/1/24,-0.32
2007/1/25,-0.27
2007/1/26,-0.25
2007/1/29,-0.24
2007/1/30,-0.25
2007/1/31,-0.29
2007/2/1,-0.29
2007/2/2,-0.31
2007/2/5,-0.34
2007/2/6,-0.37
2007/2/7,-0.41
2007/2/8,-0.43
2007/2/9,-0.36
2007/2/12,-0.38
2007/2/13,-0.35
2007/2/14,-0.42
2007/2/15,-0.47
2007/2/16,-0.48
2007/2/19,
2007/2/20,-0.51
2007/2/21,-0.49
2007/2/22,-0.46
2007/2/23,-0.5
2007/2/26,-0.56
2007/2/27,-0.64
2007/2/28,-0.6
2007/3/1,-0.59
2007/3/2,-0.6
2007/3/5,-0.59
2007/3/6,-0.61
2007/3/7,-0.62
2007/3/8,-0.59
2007/3/9,-0.51
2007/3/12,-0.53
2007/3/13,-0.59
2007/3/14,-0.53
2007/3/15,-0.51
2007/3/16,-0.49
2007/3/19,-0.48
2007/3/20,-0.5
2007/3/21,-0.52
2007/3/22,-0.46
2007/3/23,-0.46
2007/3/26,-0.46
2007/3/27,-0.46
2007/3/28,-0.44
2007/3/29,-0.41
2007/3/30,-0.39
2007/4/2,-0.39
2007/4/3,-0.38
2007/4/4,-0.41
2007/4/5,-0.36
2007/4/6,-0.29
2007/4/9,-0.27
2007/4/10,-0.3
2007/4/11,-0.3
2007/4/12,-0.29
2007/4/13,-0.26
2007/4/16,-0.27
2007/4/17,-0.32
2007/4/18,-0.34
2007/4/19,-0.31
2007/4/20,-0.31
2007/4/23,-0.32
2007/4/24,-0.35
2007/4/25,-0.31
2007/4/26,-0.27
2007/4/27,-0.24
2007/4/30,-0.28
2007/5/1,-0.26
2007/5/2,-0.26
2007/5/3,-0.22
2007/5/4,-0.25
2007/5/7,-0.25
2007/5/8,-0.27
2007/5/9,-0.21
2007/5/10,-0.22
2007/5/11,-0.2
2007/5/14,-0.16
2007/5/15,-0.12
2007/5/16,-0.04
2007/5/17,-0.05
2007/5/18,-0.03
2007/5/21,-0.09
2007/5/22,-0.1
2007/5/23,-0.05
2007/5/24,-0.05
2007/5/25,-0.02
2007/5/28,
2007/5/29,-0.02
2007/5/30,0.03
2007/5/31,0.17
2007/6/1,0.16
2007/6/4,0.12
2007/6/5,0.15
2007/6/6,0.17
2007/6/7,0.31
2007/6/8,0.35
2007/6/11,0.41
2007/6/12,0.54
2007/6/13,0.54
2007/6/14,0.58
2007/6/15,0.6
2007/6/18,0.52
2007/6/19,0.44
2007/6/20,0.4
2007/6/21,0.46
2007/6/22,0.41
2007/6/25,0.27
2007/6/26,0.28
2007/6/27,0.32
2007/6/28,0.34
2007/6/29,0.21
2007/7/2,0.05
2007/7/3,0.1
2007/7/4,
2007/7/5,0.21
2007/7/6,0.24
2007/7/9,0.19
2007/7/10,0.08
2007/7/11,0.14
2007/7/12,0.16
2007/7/13,0.14
2007/7/16,0.07
2007/7/17,0.12
2007/7/18,0.06
2007/7/19,0.06
2007/7/20,-0.01
2007/7/23,-0.05
2007/7/24,-0.08
2007/7/25,-0.07
2007/7/26,-0.13
2007/7/27,-0.05
2007/7/30,-0.14
2007/7/31,-0.18
2007/8/1,-0.13
2007/8/2,-0.12
2007/8/3,-0.14
2007/8/6,-0.16
2007/8/7,-0.17
2007/8/8,-0.11
2007/8/9,-0.02
2007/8/10,0.24
2007/8/13,0.04
2007/8/14,0.09
2007/8/15,0.48
2007/8/16,0.81
2007/8/17,0.92
2007/8/20,1.52
2007/8/21,1.01
2007/8/22,0.96
2007/8/23,0.73
2007/8/24,0.39
2007/8/27,-0.03
2007/8/28,0.13
2007/8/29,0.59
2007/8/30,0.67
2007/8/31,0.53
2007/9/3,
2007/9/4,0.09
2007/9/5,0.12
2007/9/6,0.22
2007/9/7,0.31
2007/9/10,0.38
2007/9/11,0.26
2007/9/12,0.38
2007/9/13,0.41
2007/9/14,0.46
2007/9/17,0.33
2007/9/18,0.49
2007/9/19,0.6
2007/9/20,0.9
2007/9/21,0.9
2007/9/24,0.79
2007/9/25,0.84
2007/9/26,0.9
2007/9/27,0.87
2007/9/28,0.77
2007/10/1,0.64
2007/10/2,0.58
2007/10/3,0.59
2007/10/4,0.58
2007/10/5,0.65
2007/10/8,
2007/10/9,0.61
2007/10/10,0.59
2007/10/11,0.54
2007/10/12,0.5
2007/10/15,0.39
2007/10/16,0.41
2007/10/17,0.56
2007/10/18,0.76
2007/10/19,0.55
2007/10/22,0.42
2007/10/23,0.43
2007/10/24,0.51
2007/10/25,0.43
2007/10/26,0.45
2007/10/29,0.38
2007/10/30,0.44
2007/10/31,0.54
2007/11/1,0.55
2007/11/2,0.7
2007/11/5,0.64
2007/11/6,0.62
2007/11/7,0.85
2007/11/8,0.9
2007/11/9,0.96
2007/11/12,
2007/11/13,0.76
2007/11/14,0.87
2007/11/15,0.87
2007/11/16,0.75
2007/11/19,0.67
2007/11/20,0.81
2007/11/21,0.91
2007/11/22,
2007/11/23,0.78
2007/11/26,0.7
2007/11/27,0.79
2007/11/28,0.98
2007/11/29,0.95
2007/11/30,0.82
2007/12/3,0.83
2007/12/4,0.82
2007/12/5,0.85
2007/12/6,0.93
2007/12/7,1
2007/12/10,1.1
2007/12/11,1.04
2007/12/12,1.17
2007/12/13,1.31
2007/12/14,1.36
2007/12/17,1.13
2007/12/18,1.1
2007/12/19,1.15
2007/12/20,1.12
2007/12/21,1.18
2007/12/24,0.9
2007/12/25,
2007/12/26,0.98
2007/12/27,1.04
2007/12/28,0.93
2007/12/31,0.68
2008/1/1,
2008/1/2,0.65
2008/1/3,0.67
2008/1/4,0.68
2008/1/7,0.59
2008/1/8,0.61
2008/1/9,0.6
2008/1/10,0.67
2008/1/11,0.73
2008/1/14,0.62
2008/1/15,0.55
2008/1/16,0.6
2008/1/17,0.59
2008/1/18,0.8
2008/1/21,
2008/1/22,1.17
2008/1/23,1.3
2008/1/24,1.31
2008/1/25,1.31
2008/1/28,1.27
2008/1/29,1.41
2008/1/30,1.57
2008/1/31,1.71
2008/2/1,1.52
2008/2/4,1.41
2008/2/5,1.42
2008/2/6,1.51
2008/2/7,1.57
2008/2/8,1.41
2008/2/11,1.31
2008/2/12,1.35
2008/2/13,1.42
2008/2/14,1.54
2008/2/15,1.55
2008/2/18,
2008/2/19,1.61
2008/2/20,1.68
2008/2/21,1.57
2008/2/22,1.59
2008/2/25,1.71
2008/2/26,1.74
2008/2/27,1.87
2008/2/28,1.81
2008/2/29,1.68
2008/3/3,1.84
2008/3/4,1.97
2008/3/5,2.17
2008/3/6,2.23
2008/3/7,2.11
2008/3/10,2.11
2008/3/11,2.12
2008/3/12,2.01
2008/3/13,2.21
2008/3/14,2.26
2008/3/17,2.23
2008/3/18,2.56
2008/3/19,2.77
2008/3/20,2.71
2008/3/21,
2008/3/24,2.32
2008/3/25,2.22
2008/3/26,2.22
2008/3/27,2.26
2008/3/28,2.14
2008/3/31,2.07
2008/4/1,2.17
2008/4/2,2.19
2008/4/3,2.21
2008/4/4,2.15
2008/4/7,2.12
2008/4/8,2.17
2008/4/9,2.18
2008/4/10,2.28
2008/4/11,2.3
2008/4/14,2.45
2008/4/15,2.5
2008/4/16,2.6
2008/4/17,2.52
2008/4/18,2.42
2008/4/21,2.41
2008/4/22,2.47
2008/4/23,2.51
2008/4/24,2.61
2008/4/25,2.57
2008/4/28,2.43
2008/4/29,2.39
2008/4/30,2.34
2008/5/1,2.33
2008/5/2,2.39
2008/5/5,2.35
2008/5/6,2.3
2008/5/7,2.2
2008/5/8,2.13
2008/5/9,2.08
2008/5/12,2.01
2008/5/13,2.07
2008/5/14,2.1
2008/5/15,2
2008/5/16,2.01
2008/5/19,2.01
2008/5/20,1.92
2008/5/21,1.95
2008/5/22,2.06
2008/5/23,1.99
2008/5/26,
2008/5/27,2.04
2008/5/28,2.14
2008/5/29,2.18
2008/5/30,2.17
2008/6/2,2.13
2008/6/3,2.07
2008/6/4,2.14
2008/6/5,2.21
2008/6/6,2.09
2008/6/9,2.13
2008/6/10,2.09
2008/6/11,2.14
2008/6/12,2.23
2008/6/13,2.28
2008/6/16,2.18
2008/6/17,2.24
2008/6/18,2.23
2008/6/19,2.31
2008/6/20,2.29
2008/6/23,2.32
2008/6/24,2.27
2008/6/25,2.31
2008/6/26,2.33
2008/6/27,2.31
2008/6/30,2.09
2008/7/1,2.14
2008/7/2,2.17
2008/7/3,2.15
2008/7/4,
2008/7/7,2.08
2008/7/8,2.05
2008/7/9,2.03
2008/7/10,2.16
2008/7/11,2.34
2008/7/14,2.38
2008/7/15,2.48
2008/7/16,2.6
2008/7/17,2.64
2008/7/18,2.63
2008/7/21,2.61
2008/7/22,2.59
2008/7/23,2.57
2008/7/24,2.38
2008/7/25,2.38
2008/7/28,2.33
2008/7/29,2.37
2008/7/30,2.37
2008/7/31,2.31
2008/8/1,2.31
2008/8/4,2.23
2008/8/5,2.29
2008/8/6,2.42
2008/8/7,2.26
2008/8/8,2.24
2008/8/11,2.12
2008/8/12,2.05
2008/8/13,2.09
2008/8/14,2
2008/8/15,1.99
2008/8/18,2
2008/8/19,2.03
2008/8/20,2.08
2008/8/21,2.12
2008/8/22,2.17
2008/8/25,2.05
2008/8/26,2.08
2008/8/27,2.1
2008/8/28,2.05
2008/8/29,2.11
2008/9/1,
2008/9/2,2.02
2008/9/3,2.01
2008/9/4,1.95
2008/9/5,1.98
2008/9/8,1.95
2008/9/9,1.96
2008/9/10,2
2008/9/11,2.03
2008/9/12,2.25
2008/9/15,2.45
2008/9/16,2.64
2008/9/17,3.38
2008/9/18,3.31
2008/9/19,2.79
2008/9/22,2.55
2008/9/23,3.05
2008/9/24,3.31
2008/9/25,3.12
2008/9/26,2.98
2008/9/29,2.67
2008/9/30,2.93
2008/10/1,2.92
2008/10/2,3.03
2008/10/3,3.12
2008/10/6,2.94
2008/10/7,2.68
2008/10/8,3.04
2008/10/9,3.24
2008/10/10,3.64
2008/10/13,
2008/10/14,3.74
2008/10/15,3.82
2008/10/16,3.53
2008/10/17,3.15
2008/10/20,2.67
2008/10/21,2.66
2008/10/22,2.6
2008/10/23,2.65
2008/10/24,2.87
2008/10/27,2.95
2008/10/28,3.12
2008/10/29,3.31
2008/10/30,3.59
2008/10/31,3.55
2008/11/3,3.47
2008/11/4,3.33
2008/11/5,3.33
2008/11/6,3.43
2008/11/7,3.52
2008/11/10,3.53
2008/11/11,
2008/11/12,3.57
2008/11/13,3.62
2008/11/14,3.57
2008/11/17,3.56
2008/11/18,3.41
2008/11/19,3.31
2008/11/20,3.07
2008/11/21,3.18
2008/11/24,3.22
2008/11/25,3.01
2008/11/26,2.94
2008/11/27,
2008/11/28,2.92
2008/12/1,2.65
2008/12/2,2.62
2008/12/3,2.65
2008/12/4,2.53
2008/12/5,2.65
2008/12/8,2.74
2008/12/9,2.64
2008/12/10,2.69
2008/12/11,2.63
2008/12/12,2.58
2008/12/15,2.5
2008/12/16,2.33
2008/12/17,2.15
2008/12/18,2.08
2008/12/19,2.11
2008/12/22,2.15
2008/12/23,2.16
2008/12/24,2.2
2008/12/25,
2008/12/26,2.13
2008/12/29,2.07
2008/12/30,2.01
2008/12/31,2.14
2009/1/1,
2009/1/2,2.38
2009/1/5,2.35
2009/1/6,2.37
2009/1/7,2.41
2009/1/8,2.38
2009/1/9,2.36
2009/1/12,2.22
2009/1/13,2.22
2009/1/14,2.12
2009/1/15,2.12
2009/1/16,2.24
2009/1/19,
2009/1/20,2.27
2009/1/21,2.45
2009/1/22,2.52
2009/1/23,2.54
2009/1/26,2.56
2009/1/27,2.46
2009/1/28,2.52
2009/1/29,2.64
2009/1/30,2.63
2009/2/2,2.49
2009/2/3,2.57
2009/2/4,2.65
2009/2/5,2.66
2009/2/6,2.77
2009/2/9,2.75
2009/2/10,2.59
2009/2/11,2.48
2009/2/12,2.46
2009/2/13,2.6
2009/2/16,
2009/2/17,2.32
2009/2/18,2.43
2009/2/19,2.55
2009/2/20,2.51
2009/2/23,2.49
2009/2/24,2.48
2009/2/25,2.65
2009/2/26,2.71
2009/2/27,2.76
2009/3/2,2.63
2009/3/3,2.66
2009/3/4,2.75
2009/3/5,2.63
2009/3/6,2.62
2009/3/9,2.66
2009/3/10,2.75
2009/3/11,2.72
2009/3/12,2.67
2009/3/13,2.69
2009/3/16,2.73
2009/3/17,2.78
2009/3/18,2.3
2009/3/19,2.41
2009/3/20,2.43
2009/3/23,2.46
2009/3/24,2.47
2009/3/25,2.62
2009/3/26,2.61
2009/3/27,2.64
2009/3/30,2.55
2009/3/31,2.5
2009/4/1,2.46
2009/4/2,2.55
2009/4/3,2.7
2009/4/6,2.75
2009/4/7,2.73
2009/4/8,2.68
2009/4/9,2.78
2009/4/10,
2009/4/13,2.7
2009/4/14,2.63
2009/4/15,2.67
2009/4/16,2.73
2009/4/17,2.84
2009/4/20,2.74
2009/4/21,2.79
2009/4/22,2.84
2009/4/23,2.86
2009/4/24,2.93
2009/4/27,2.82
2009/4/28,2.92
2009/4/29,3.01
2009/4/30,3.02
2009/5/1,3.05
2009/5/4,3
2009/5/5,3.01
2009/5/6,2.99
2009/5/7,3.11
2009/5/8,3.1
2009/5/11,2.98
2009/5/12,2.98
2009/5/13,2.94
2009/5/14,2.94
2009/5/15,2.97
2009/5/18,3.03
2009/5/19,3.07
2009/5/20,3.01
2009/5/21,3.16
2009/5/22,3.27
2009/5/25,
2009/5/26,3.32
2009/5/27,3.54
2009/5/28,3.52
2009/5/29,3.33
2009/6/1,3.58
2009/6/2,3.51
2009/6/3,3.42
2009/6/4,3.58
2009/6/5,3.64
2009/6/8,3.72
2009/6/9,3.67
2009/6/10,3.8
2009/6/11,3.69
2009/6/12,3.62
2009/6/15,3.59
2009/6/16,3.5
2009/6/17,3.51
2009/6/18,3.68
2009/6/19,3.6
2009/6/22,3.52
2009/6/23,3.45
2009/6/24,3.53
2009/6/25,3.37
2009/6/26,3.32
2009/6/29,3.31
2009/6/30,3.34
2009/7/1,3.38
2009/7/2,3.34
2009/7/3,
2009/7/6,3.33
2009/7/7,3.28
2009/7/8,3.15
2009/7/9,3.25
2009/7/10,3.14
2009/7/13,3.2
2009/7/14,3.32
2009/7/15,3.45
2009/7/16,3.4
2009/7/17,3.5
2009/7/20,3.42
2009/7/21,3.31
2009/7/22,3.39
2009/7/23,3.53
2009/7/24,3.52
2009/7/27,3.56
2009/7/28,3.53
2009/7/29,3.5
2009/7/30,3.49
2009/7/31,3.34
2009/8/3,3.47
2009/8/4,3.52
2009/8/5,3.62
2009/8/6,3.62
2009/8/7,3.7
2009/8/10,3.61
2009/8/11,3.53
2009/8/12,3.55
2009/8/13,3.42
2009/8/14,3.37
2009/8/17,3.3
2009/8/18,3.33
2009/8/19,3.28
2009/8/20,3.25
2009/8/21,3.39
2009/8/24,3.31
2009/8/25,3.28
2009/8/26,3.29
2009/8/27,3.32
2009/8/28,3.31
2009/8/31,3.25
2009/9/1,3.24
2009/9/2,3.15
2009/9/3,3.18
2009/9/4,3.31
2009/9/7,
2009/9/8,3.33
2009/9/9,3.34
2009/9/10,3.22
2009/9/11,3.2
2009/9/14,3.28
2009/9/15,3.34
2009/9/16,3.38
2009/9/17,3.32
2009/9/18,3.41
2009/9/21,3.38
2009/9/22,3.35
2009/9/23,3.33
2009/9/24,3.3
2009/9/25,3.24
2009/9/28,3.2
2009/9/29,3.18
2009/9/30,3.17
2009/10/1,3.11
2009/10/2,3.14
2009/10/5,3.16
2009/10/6,3.19
2009/10/7,3.12
2009/10/8,3.21
2009/10/9,3.33
2009/10/12,
2009/10/13,3.27
2009/10/14,3.38
2009/10/15,3.42
2009/10/16,3.36
2009/10/19,3.33
2009/10/20,3.27
2009/10/21,3.35
2009/10/22,3.38
2009/10/23,3.44
2009/10/26,3.51
2009/10/27,3.41
2009/10/28,3.37
2009/10/29,3.47
2009/10/30,3.36
2009/11/2,3.39
2009/11/3,3.44
2009/11/4,3.52
2009/11/5,3.53
2009/11/6,3.48
2009/11/9,3.45
2009/11/10,3.43
2009/11/11,
2009/11/12,3.38
2009/11/13,3.37
2009/11/16,3.26
2009/11/17,3.27
2009/11/18,3.32
2009/11/19,3.33
2009/11/20,3.34
2009/11/23,3.32
2009/11/24,3.27
2009/11/25,3.23
2009/11/26,
2009/11/27,3.18
2009/11/30,3.15
2009/12/1,3.22
2009/12/2,3.27
2009/12/3,3.33
2009/12/4,3.42
2009/12/7,3.4
2009/12/8,3.37
2009/12/9,3.42
2009/12/10,3.47
2009/12/11,3.52
2009/12/14,3.52
2009/12/15,3.55
2009/12/16,3.57
2009/12/17,3.46
2009/12/18,3.5
2009/12/21,3.61
2009/12/22,3.68
2009/12/23,3.7
2009/12/24,3.77
2009/12/25,
2009/12/28,3.74
2009/12/29,3.72
2009/12/30,3.75
2009/12/31,3.79
2010/1/1,
2010/1/4,3.77
2010/1/5,3.7
2010/1/6,3.79
2010/1/7,3.8
2010/1/8,3.78
2010/1/11,3.81
2010/1/12,3.69
2010/1/13,3.74
2010/1/14,3.71
2010/1/15,3.64
2010/1/18,
2010/1/19,3.67
2010/1/20,3.63
2010/1/21,3.56
2010/1/22,3.56
2010/1/25,3.6
2010/1/26,3.58
2010/1/27,3.58
2010/1/28,3.6
2010/1/29,3.55
2010/2/1,3.58
2010/2/2,3.57
2010/2/3,3.63
2010/2/4,3.53
2010/2/5,3.49
2010/2/8,3.5
2010/2/9,3.55
2010/2/10,3.61
2010/2/11,3.62
2010/2/12,3.59
2010/2/15,
2010/2/16,3.56
2010/2/17,3.64
2010/2/18,3.69
2010/2/19,3.67
2010/2/22,3.69
2010/2/23,3.57
2010/2/24,3.58
2010/2/25,3.51
2010/2/26,3.48
2010/3/1,3.48
2010/3/2,3.48
2010/3/3,3.49
2010/3/4,3.47
2010/3/5,3.54
2010/3/8,3.56
2010/3/9,3.55
2010/3/10,3.58
2010/3/11,3.57
2010/3/12,3.56
2010/3/15,3.54
2010/3/16,3.5
2010/3/17,3.5
2010/3/18,3.52
2010/3/19,3.54
2010/3/22,3.52
2010/3/23,3.55
2010/3/24,3.7
2010/3/25,3.77
2010/3/26,3.72
2010/3/29,3.73
2010/3/30,3.72
2010/3/31,3.68
2010/4/1,3.73
2010/4/2,3.8
2010/4/5,3.83
2010/4/6,3.81
2010/4/7,3.72
2010/4/8,3.74
2010/4/9,3.74
2010/4/12,3.71
2010/4/13,3.68
2010/4/14,3.72
2010/4/15,3.7
2010/4/16,3.63
2010/4/19,3.67
2010/4/20,3.66
2010/4/21,3.62
2010/4/22,3.64
2010/4/23,3.68
2010/4/26,3.67
2010/4/27,3.55
2010/4/28,3.64
2010/4/29,3.59
2010/4/30,3.53
2010/5/3,3.55
2010/5/4,3.47
2010/5/5,3.43
2010/5/6,3.3
2010/5/7,3.32
2010/5/10,3.41
2010/5/11,3.4
2010/5/12,3.4
2010/5/13,3.39
2010/5/14,3.28
2010/5/17,3.31
2010/5/18,3.21
2010/5/19,3.19
2010/5/20,3.08
2010/5/21,3.03
2010/5/24,3.06
2010/5/25,3.01
2010/5/26,3.04
2010/5/27,3.17
2010/5/28,3.15
2010/5/31,
2010/6/1,3.13
2010/6/2,3.19
2010/6/3,3.25
2010/6/4,3.06
2010/6/7,3.05
2010/6/8,3.06
2010/6/9,3.1
2010/6/10,3.23
2010/6/11,3.16
2010/6/14,3.21
2010/6/15,3.23
2010/6/16,3.17
2010/6/17,3.12
2010/6/18,3.13
2010/6/21,3.14
2010/6/22,3.05
2010/6/23,3
2010/6/24,3.01
2010/6/25,2.99
2010/6/28,2.88
2010/6/29,2.82
2010/6/30,2.79
2010/7/1,2.79
2010/7/2,2.83
2010/7/5,
2010/7/6,2.78
2010/7/7,2.84
2010/7/8,2.89
2010/7/9,2.91
2010/7/12,2.92
2010/7/13,3
2010/7/14,2.92
2010/7/15,2.85
2010/7/16,2.81
2010/7/19,2.82
2010/7/20,2.82
2010/7/21,2.74
2010/7/22,2.8
2010/7/23,2.86
2010/7/26,2.87
2010/7/27,2.93
2010/7/28,2.88
2010/7/29,2.88
2010/7/30,2.79
2010/8/2,2.83
2010/8/3,2.78
2010/8/4,2.82
2010/8/5,2.79
2010/8/6,2.71
2010/8/9,2.71
2010/8/10,2.64
2010/8/11,2.57
2010/8/12,2.58
2010/8/13,2.53
2010/8/16,2.42
2010/8/17,2.47
2010/8/18,2.48
2010/8/19,2.42
2010/8/20,2.47
2010/8/23,2.44
2010/8/24,2.34
2010/8/25,2.38
2010/8/26,2.34
2010/8/27,2.51
2010/8/30,2.4
2010/8/31,2.33
2010/9/1,2.45
2010/9/2,2.49
2010/9/3,2.58
2010/9/6,
2010/9/7,2.47
2010/9/8,2.52
2010/9/9,2.63
2010/9/10,2.67
2010/9/13,2.59
2010/9/14,2.53
2010/9/15,2.59
2010/9/16,2.61
2010/9/17,2.59
2010/9/20,2.55
2010/9/21,2.44
2010/9/22,2.4
2010/9/23,2.4
2010/9/24,2.47
2010/9/27,2.38
2010/9/28,2.32
2010/9/29,2.36
2010/9/30,2.37
2010/10/1,2.38
2010/10/4,2.37
2010/10/5,2.38
2010/10/6,2.28
2010/10/7,2.28
2010/10/8,2.29
2010/10/11,
2010/10/12,2.31
2010/10/13,2.33
2010/10/14,2.38
2010/10/15,2.45
2010/10/18,2.37
2010/10/19,2.36
2010/10/20,2.37
2010/10/21,2.44
2010/10/22,2.46
2010/10/25,2.45
2010/10/26,2.53
2010/10/27,2.61
2010/10/28,2.56
2010/10/29,2.51
2010/11/1,2.53
2010/11/2,2.5
2010/11/3,2.54
2010/11/4,2.4
2010/11/5,2.45
2010/11/8,2.47
2010/11/9,2.59
2010/11/10,2.52
2010/11/11,
2010/11/12,2.63
2010/11/15,2.78
2010/11/16,2.7
2010/11/17,2.75
2010/11/18,2.75
2010/11/19,2.74
2010/11/22,2.65
2010/11/23,2.62
2010/11/24,2.77
2010/11/25,
2010/11/26,2.71
2010/11/29,2.66
2010/11/30,2.64
2010/12/1,2.81
2010/12/2,2.85
2010/12/3,2.89
2010/12/6,2.8
2010/12/7,3.01
2010/12/8,3.11
2010/12/9,3.09
2010/12/10,3.19
2010/12/13,3.14
2010/12/14,3.34
2010/12/15,3.39
2010/12/16,3.34
2010/12/17,3.22
2010/12/20,3.22
2010/12/21,3.21
2010/12/22,3.22
2010/12/23,3.27
2010/12/24,
2010/12/27,3.19
2010/12/28,3.35
2010/12/29,3.22
2010/12/30,3.26
2010/12/31,3.18
2011/1/3,3.21
2011/1/4,3.22
2011/1/5,3.36
2011/1/6,3.29
2011/1/7,3.2
2011/1/10,3.17
2011/1/11,3.22
2011/1/12,3.25
2011/1/13,3.19
2011/1/14,3.2
2011/1/17,
2011/1/18,3.23
2011/1/19,3.21
2011/1/20,3.31
2011/1/21,3.28
2011/1/24,3.27
2011/1/25,3.19
2011/1/26,3.29
2011/1/27,3.27
2011/1/28,3.21
2011/1/31,3.27
2011/2/1,3.33
2011/2/2,3.36
2011/2/3,3.44
2011/2/4,3.53
2011/2/7,3.52
2011/2/8,3.6
2011/2/9,3.51
2011/2/10,3.58
2011/2/11,3.52
2011/2/14,3.49
2011/2/15,3.48
2011/2/16,3.5
2011/2/17,3.49
2011/2/18,3.49
2011/2/21,
2011/2/22,3.34
2011/2/23,3.37
2011/2/24,3.33
2011/2/25,3.29
2011/2/28,3.27
2011/3/1,3.27
2011/3/2,3.33
2011/3/3,3.45
2011/3/4,3.37
2011/3/7,3.4
2011/3/8,3.45
2011/3/9,3.38
2011/3/10,3.29
2011/3/11,3.32
2011/3/14,3.27
2011/3/15,3.23
2011/3/16,3.12
2011/3/17,3.17
2011/3/18,3.21
2011/3/21,3.24
2011/3/22,3.24
2011/3/23,3.27
2011/3/24,3.33
2011/3/25,3.37
2011/3/28,3.36
2011/3/29,3.4
2011/3/30,3.37
2011/3/31,3.38
2011/4/1,3.39
2011/4/4,3.39
2011/4/5,3.43
2011/4/6,3.5
2011/4/7,3.54
2011/4/8,3.55
2011/4/11,3.54
2011/4/12,3.47
2011/4/13,3.43
2011/4/14,3.44
2011/4/15,3.36
2011/4/18,3.33
2011/4/19,3.33
2011/4/20,3.37
2011/4/21,3.36
2011/4/22,
2011/4/25,3.32
2011/4/26,3.27
2011/4/27,3.33
2011/4/28,3.3
2011/4/29,3.28
2011/5/2,3.26
2011/5/3,3.25
2011/5/4,3.22
2011/5/5,3.16
2011/5/6,3.17
2011/5/9,3.14
2011/5/10,3.2
2011/5/11,3.16
2011/5/12,3.2
2011/5/13,3.15
2011/5/16,3.11
2011/5/17,3.08
2011/5/18,3.13
2011/5/19,3.12
2011/5/20,3.1
2011/5/23,3.07
2011/5/24,3.06
2011/5/25,3.07
2011/5/26,3.02
2011/5/27,3.02
2011/5/30,
2011/5/31,2.99
2011/6/1,2.91
2011/6/2,3
2011/6/3,2.95
2011/6/6,2.96
2011/6/7,2.96
2011/6/8,2.94
2011/6/9,2.96
2011/6/10,2.94
2011/6/13,2.95
2011/6/14,3.06
2011/6/15,2.93
2011/6/16,2.88
2011/6/17,2.9
2011/6/20,2.94
2011/6/21,2.96
2011/6/22,2.99
2011/6/23,2.92
2011/6/24,2.86
2011/6/27,2.93
2011/6/28,3.02
2011/6/29,3.12
2011/6/30,3.15
2011/7/1,3.2
2011/7/4,
2011/7/5,3.14
2011/7/6,3.11
2011/7/7,3.14
2011/7/8,3
2011/7/11,2.91
2011/7/12,2.89
2011/7/13,2.91
2011/7/14,2.97
2011/7/15,2.92
2011/7/18,2.92
2011/7/19,2.88
2011/7/20,2.94
2011/7/21,2.98
2011/7/22,2.94
2011/7/25,2.98
2011/7/26,2.92
2011/7/27,2.93
2011/7/28,2.91
2011/7/29,2.72
2011/8/1,2.67
2011/8/2,2.6
2011/8/3,2.62
2011/8/4,2.45
2011/8/5,2.57
2011/8/8,2.35
2011/8/9,2.17
2011/8/10,2.15
2011/8/11,2.31
2011/8/12,2.22
2011/8/15,2.27
2011/8/16,2.2
2011/8/17,2.16
2011/8/18,2.07
2011/8/19,2.05
2011/8/22,2.09
2011/8/23,2.14
2011/8/24,2.27
2011/8/25,2.22
2011/8/26,2.18
2011/8/29,2.26
2011/8/30,2.18
2011/8/31,2.21
2011/9/1,2.13
2011/9/2,2
2011/9/5,
2011/9/6,1.96
2011/9/7,2.03
2011/9/8,1.98
2011/9/9,1.92
2011/9/12,1.93
2011/9/13,1.99
2011/9/14,2.02
2011/9/15,2.08
2011/9/16,2.07
2011/9/19,1.96
2011/9/20,1.94
2011/9/21,1.87
2011/9/22,1.72
2011/9/23,1.83
2011/9/26,1.89
2011/9/27,1.99
2011/9/28,2.01
2011/9/29,1.97
2011/9/30,1.9
2011/10/3,1.78
2011/10/4,1.8
2011/10/5,1.92
2011/10/6,2
2011/10/7,2.09
2011/10/10,
2011/10/11,2.16
2011/10/12,2.22
2011/10/13,2.17
2011/10/14,2.24
2011/10/17,2.14
2011/10/18,2.15
2011/10/19,2.15
2011/10/20,2.17
2011/10/21,2.21
2011/10/24,2.23
2011/10/25,2.13
2011/10/26,2.21
2011/10/27,2.4
2011/10/28,2.33
2011/10/31,2.16
2011/11/1,2
2011/11/2,2.02
2011/11/3,2.08
2011/11/4,2.05
2011/11/7,2.03
2011/11/8,2.09
2011/11/9,1.99
2011/11/10,2.03
2011/11/11,
2011/11/14,2.03
2011/11/15,2.05
2011/11/16,2
2011/11/17,1.94
2011/11/18,2
2011/11/21,1.95
2011/11/22,1.92
2011/11/23,1.87
2011/11/24,
2011/11/25,1.95
2011/11/28,1.94
2011/11/29,1.98
2011/11/30,2.07
2011/12/1,2.1
2011/12/2,2.03
2011/12/5,2.03
2011/12/6,2.07
2011/12/7,2
2011/12/8,1.98
2011/12/9,2.06
2011/12/12,2.02
2011/12/13,1.95
2011/12/14,1.91
2011/12/15,1.92
2011/12/16,1.86
2011/12/19,1.81
2011/12/20,1.93
2011/12/21,1.97
2011/12/22,1.96
2011/12/23,2.02
2011/12/26,
2011/12/27,2
2011/12/28,1.92
2011/12/29,1.89
2011/12/30,1.87
2012/1/2,
2012/1/3,1.95
2012/1/4,1.98
2012/1/5,2
2012/1/6,1.96
2012/1/9,1.97
2012/1/10,1.98
2012/1/11,1.91
2012/1/12,1.91
2012/1/13,1.86
2012/1/16,
2012/1/17,1.84
2012/1/18,1.89
2012/1/19,1.96
2012/1/20,2
2012/1/23,2.05
2012/1/24,2.04
2012/1/25,1.97
2012/1/26,1.91
2012/1/27,1.87
2012/1/30,1.82
2012/1/31,1.77
2012/2/1,1.81
2012/2/2,1.78
2012/2/3,1.89
2012/2/6,1.85
2012/2/7,1.92
2012/2/8,1.92
2012/2/9,1.95
2012/2/10,1.87
2012/2/13,1.88
2012/2/14,1.8
2012/2/15,1.82
2012/2/16,1.89
2012/2/17,1.92
2012/2/20,
2012/2/21,1.97
2012/2/22,1.92
2012/2/23,1.9
2012/2/24,1.88
2012/2/27,1.8
2012/2/28,1.84
2012/2/29,1.9
2012/3/1,1.95
2012/3/2,1.92
2012/3/5,1.92
2012/3/6,1.88
2012/3/7,1.9
2012/3/8,1.95
2012/3/9,1.95
2012/3/12,1.95
2012/3/13,2.06
2012/3/14,2.2
2012/3/15,2.21
2012/3/16,2.22
2012/3/19,2.29
2012/3/20,2.28
2012/3/21,2.22
2012/3/22,2.21
2012/3/23,2.17
2012/3/26,2.17
2012/3/27,2.11
2012/3/28,2.12
2012/3/29,2.11
2012/3/30,2.16
2012/4/2,2.14
2012/4/3,2.22
2012/4/4,2.17
2012/4/5,2.11
2012/4/6,2
2012/4/9,1.97
2012/4/10,1.92
2012/4/11,1.96
2012/4/12,1.99
2012/4/13,1.93
2012/4/16,1.92
2012/4/17,1.95
2012/4/18,1.93
2012/4/19,1.91
2012/4/20,1.91
2012/4/23,1.88
2012/4/24,1.91
2012/4/25,1.92
2012/4/26,1.89
2012/4/27,1.87
2012/4/30,1.85
2012/5/1,1.89
2012/5/2,1.88
2012/5/3,1.87
2012/5/4,1.84
2012/5/7,1.82
2012/5/8,1.79
2012/5/9,1.78
2012/5/10,1.79
2012/5/11,1.74
2012/5/14,1.68
2012/5/15,1.67
2012/5/16,1.66
2012/5/17,1.6
2012/5/18,1.63
2012/5/21,1.66
2012/5/22,1.7
2012/5/23,1.64
2012/5/24,1.67
2012/5/25,1.66
2012/5/28,
2012/5/29,1.65
2012/5/30,1.56
2012/5/31,1.52
2012/6/1,1.4
2012/6/4,1.45
2012/6/5,1.49
2012/6/6,1.57
2012/6/7,1.57
2012/6/8,1.56
2012/6/11,1.51
2012/6/12,1.57
2012/6/13,1.51
2012/6/14,1.53
2012/6/15,1.51
2012/6/18,1.49
2012/6/19,1.55
2012/6/20,1.56
2012/6/21,1.54
2012/6/22,1.6
2012/6/25,1.53
2012/6/26,1.56
2012/6/27,1.56
2012/6/28,1.51
2012/6/29,1.58
2012/7/2,1.51
2012/7/3,1.56
2012/7/4,
2012/7/5,1.54
2012/7/6,1.49
2012/7/9,1.44
2012/7/10,1.44
2012/7/11,1.44
2012/7/12,1.4
2012/7/13,1.42
2012/7/16,1.4
2012/7/17,1.43
2012/7/18,1.43
2012/7/19,1.45
2012/7/20,1.4
2012/7/23,1.37
2012/7/24,1.34
2012/7/25,1.33
2012/7/26,1.34
2012/7/27,1.47
2012/7/30,1.42
2012/7/31,1.4
2012/8/1,1.46
2012/8/2,1.42
2012/8/3,1.51
2012/8/6,1.49
2012/8/7,1.55
2012/8/8,1.57
2012/8/9,1.58
2012/8/10,1.55
2012/8/13,1.54
2012/8/14,1.62
2012/8/15,1.71
2012/8/16,1.74
2012/8/17,1.72
2012/8/20,1.71
2012/8/21,1.69
2012/8/22,1.6
2012/8/23,1.57
2012/8/24,1.58
2012/8/27,1.54
2012/8/28,1.54
2012/8/29,1.54
2012/8/30,1.53
2012/8/31,1.48
2012/9/3,
2012/9/4,1.49
2012/9/5,1.49
2012/9/6,1.57
2012/9/7,1.56
2012/9/10,1.58
2012/9/11,1.6
2012/9/12,1.67
2012/9/13,1.65
2012/9/14,1.77
2012/9/17,1.74
2012/9/18,1.72
2012/9/19,1.68
2012/9/20,1.69
2012/9/21,1.66
2012/9/24,1.63
2012/9/25,1.59
2012/9/26,1.53
2012/9/27,1.57
2012/9/28,1.55
2012/10/1,1.55
2012/10/2,1.55
2012/10/3,1.55
2012/10/4,1.6
2012/10/5,1.64
2012/10/8,
2012/10/9,1.64
2012/10/10,1.62
2012/10/11,1.6
2012/10/12,1.58
2012/10/15,1.59
2012/10/16,1.66
2012/10/17,1.72
2012/10/18,1.76
2012/10/19,1.69
2012/10/22,1.73
2012/10/23,1.68
2012/10/24,1.69
2012/10/25,1.75
2012/10/26,1.66
2012/10/29,1.6
2012/10/30,
2012/10/31,1.61
2012/11/1,1.66
2012/11/2,1.66
2012/11/5,1.61
2012/11/6,1.68
2012/11/7,1.58
2012/11/8,1.52
2012/11/9,1.52
2012/11/12,
2012/11/13,1.48
2012/11/14,1.49
2012/11/15,1.5
2012/11/16,1.52
2012/11/19,1.52
2012/11/20,1.58
2012/11/21,1.59
2012/11/22,
2012/11/23,1.6
2012/11/26,1.56
2012/11/27,1.54
2012/11/28,1.53
2012/11/29,1.53
2012/11/30,1.54
2012/12/3,1.53
2012/12/4,1.52
2012/12/5,1.5
2012/12/6,1.49
2012/12/7,1.55
2012/12/10,1.54
2012/12/11,1.58
2012/12/12,1.65
2012/12/13,1.68
2012/12/14,1.68
2012/12/17,1.73
2012/12/18,1.78
2012/12/19,1.77
2012/12/20,1.75
2012/12/21,1.71
2012/12/24,1.73
2012/12/25,
2012/12/26,1.68
2012/12/27,1.66
2012/12/28,1.72
2012/12/31,1.73
2013/1/1,
2013/1/2,1.78
2013/1/3,1.84
2013/1/4,1.86
2013/1/7,1.85
2013/1/8,1.82
2013/1/9,1.82
2013/1/10,1.85
2013/1/11,1.82
2013/1/14,1.81
2013/1/15,1.77
2013/1/16,1.76
2013/1/17,1.82
2013/1/18,1.79
2013/1/21,
2013/1/22,1.78
2013/1/23,1.78
2013/1/24,1.8
2013/1/25,1.9
2013/1/28,1.93
2013/1/29,1.96
2013/1/30,1.96
2013/1/31,1.95
2013/2/1,1.98
2013/2/4,1.93
2013/2/5,1.97
2013/2/6,1.93
2013/2/7,1.92
2013/2/8,1.92
2013/2/11,1.9
2013/2/12,1.93
2013/2/13,1.95
2013/2/14,1.89
2013/2/15,1.91
2013/2/18,
2013/2/19,1.91
2013/2/20,1.9
2013/2/21,1.86
2013/2/22,1.84
2013/2/25,1.76
2013/2/26,1.74
2013/2/27,1.8
2013/2/28,1.78
2013/3/1,1.75
2013/3/4,1.77
2013/3/5,1.82
2013/3/6,1.85
2013/3/7,1.9
2013/3/8,1.96
2013/3/11,1.97
2013/3/12,1.93
2013/3/13,1.95
2013/3/14,1.94
2013/3/15,1.92
2013/3/18,1.89
2013/3/19,1.85
2013/3/20,1.89
2013/3/21,1.88
2013/3/22,1.86
2013/3/25,1.85
2013/3/26,1.85
2013/3/27,1.78
2013/3/28,1.8
2013/3/29,
2013/4/1,1.78
2013/4/2,1.81
2013/4/3,1.77
2013/4/4,1.71
2013/4/5,1.65
2013/4/8,1.69
2013/4/9,1.72
2013/4/10,1.77
2013/4/11,1.75
2013/4/12,1.69
2013/4/15,1.66
2013/4/16,1.69
2013/4/17,1.67
2013/4/18,1.67
2013/4/19,1.68
2013/4/22,1.67
2013/4/23,1.69
2013/4/24,1.67
2013/4/25,1.69
2013/4/26,1.65
2013/4/29,1.65
2013/4/30,1.65
2013/5/1,1.6
2013/5/2,1.61
2013/5/3,1.73
2013/5/6,1.76
2013/5/7,1.78
2013/5/8,1.77
2013/5/9,1.77
2013/5/10,1.86
2013/5/13,1.87
2013/5/14,1.91
2013/5/15,1.9
2013/5/16,1.84
2013/5/17,1.91
2013/5/20,1.92
2013/5/21,1.9
2013/5/22,1.99
2013/5/23,1.97
2013/5/24,1.97
2013/5/27,
2013/5/28,2.1
2013/5/29,2.08
2013/5/30,2.09
2013/5/31,2.12
2013/6/3,2.08
2013/6/4,2.1
2013/6/5,2.05
2013/6/6,2.03
2013/6/7,2.13
2013/6/10,2.17
2013/6/11,2.15
2013/6/12,2.2
2013/6/13,2.14
2013/6/14,2.09
2013/6/17,2.14
2013/6/18,2.15
2013/6/19,2.28
2013/6/20,2.36
2013/6/21,2.47
2013/6/24,2.51
2013/6/25,2.54
2013/6/26,2.49
2013/6/27,2.43
2013/6/28,2.48
2013/7/1,2.46
2013/7/2,2.45
2013/7/3,2.47
2013/7/4,
2013/7/5,2.69
2013/7/8,2.6
2013/7/9,2.61
2013/7/10,2.66
2013/7/11,2.56
2013/7/12,2.57
2013/7/15,2.53
2013/7/16,2.52
2013/7/17,2.49
2013/7/18,2.53
2013/7/19,2.47
2013/7/22,2.46
2013/7/23,2.51
2013/7/24,2.58
2013/7/25,2.59
2013/7/26,2.55
2013/7/29,2.58
2013/7/30,2.59
2013/7/31,2.56
2013/8/1,2.7
2013/8/2,2.59
2013/8/5,2.62
2013/8/6,2.63
2013/8/7,2.56
2013/8/8,2.53
2013/8/9,2.52
2013/8/12,2.55
2013/8/13,2.65
2013/8/14,2.66
2013/8/15,2.72
2013/8/16,2.79
2013/8/19,2.82
2013/8/20,2.78
2013/8/21,2.83
2013/8/22,2.87
2013/8/23,2.79
2013/8/26,2.75
2013/8/27,2.67
2013/8/28,2.75
2013/8/29,2.73
2013/8/30,2.75
2013/9/2,
2013/9/3,2.84
2013/9/4,2.88
2013/9/5,2.96
2013/9/6,2.92
2013/9/9,2.88
2013/9/10,2.94
2013/9/11,2.91
2013/9/12,2.91
2013/9/13,2.89
2013/9/16,2.86
2013/9/17,2.85
2013/9/18,2.68
2013/9/19,2.75
2013/9/20,2.74
2013/9/23,2.7
2013/9/24,2.65
2013/9/25,2.61
2013/9/26,2.66
2013/9/27,2.62
2013/9/30,2.62
2013/10/1,2.64
2013/10/2,2.61
2013/10/3,2.59
2013/10/4,2.63
2013/10/7,2.62
2013/10/8,2.61
2013/10/9,2.63
2013/10/10,2.66
2013/10/11,2.62
2013/10/14,
2013/10/15,2.61
2013/10/16,2.59
2013/10/17,2.56
2013/10/18,2.56
2013/10/21,2.59
2013/10/22,2.5
2013/10/23,2.47
2013/10/24,2.5
2013/10/25,2.49
2013/10/28,2.5
2013/10/29,2.49
2013/10/30,2.51
2013/10/31,2.53
2013/11/1,2.61
2013/11/4,2.58
2013/11/5,2.64
2013/11/6,2.62
2013/11/7,2.58
2013/11/8,2.71
2013/11/11,
2013/11/12,2.72
2013/11/13,2.67
2013/11/14,2.61
2013/11/15,2.63
2013/11/18,2.58
2013/11/19,2.63
2013/11/20,2.72
2013/11/21,2.72
2013/11/22,2.68
2013/11/25,2.66
2013/11/26,2.64
2013/11/27,2.67
2013/11/28,
2013/11/29,2.69
2013/12/2,2.76
2013/12/3,2.73
2013/12/4,2.78
2013/12/5,2.82
2013/12/6,2.82
2013/12/9,2.79
2013/12/10,2.74
2013/12/11,2.79
2013/12/12,2.82
2013/12/13,2.81
2013/12/16,2.82
2013/12/17,2.78
2013/12/18,2.82
2013/12/19,2.88
2013/12/20,2.82
2013/12/23,2.87
2013/12/24,2.92
2013/12/25,
2013/12/26,2.93
2013/12/27,2.95
2013/12/30,2.92
2013/12/31,2.97
2014/1/1,
2014/1/2,2.93
2014/1/3,2.94
2014/1/6,2.93
2014/1/7,2.92
2014/1/8,2.96
2014/1/9,2.93
2014/1/10,2.83
2014/1/13,2.81
2014/1/14,2.84
2014/1/15,2.86
2014/1/16,2.82
2014/1/17,2.79
2014/1/20,
2014/1/21,2.81
2014/1/22,2.83
2014/1/23,2.75
2014/1/24,2.71
2014/1/27,2.73
2014/1/28,2.72
2014/1/29,2.65
2014/1/30,2.7
2014/1/31,2.65
2014/2/3,2.56
2014/2/4,2.58
2014/2/5,2.63
2014/2/6,2.66
2014/2/7,2.63
2014/2/10,2.63
2014/2/11,2.7
2014/2/12,2.75
2014/2/13,2.7
2014/2/14,2.73
2014/2/17,
2014/2/18,2.66
2014/2/19,2.67
2014/2/20,2.71
2014/2/21,2.68
2014/2/24,2.7
2014/2/25,2.65
2014/2/26,2.62
2014/2/27,2.61
2014/2/28,2.61
2014/3/3,2.55
2014/3/4,2.65
2014/3/5,2.64
2014/3/6,2.69
2014/3/7,2.74
2014/3/10,2.74
2014/3/11,2.72
2014/3/12,2.68
2014/3/13,2.61
2014/3/14,2.6
2014/3/17,2.64
2014/3/18,2.63
2014/3/19,2.72
2014/3/20,2.73
2014/3/21,2.69
2014/3/24,2.68
2014/3/25,2.7
2014/3/26,2.66
2014/3/27,2.65
2014/3/28,2.69
2014/3/31,2.68
2014/4/1,2.73
2014/4/2,2.8
2014/4/3,2.78
2014/4/4,2.71
2014/4/7,2.68
2014/4/8,2.66
2014/4/9,2.67
2014/4/10,2.61
2014/4/11,2.59
2014/4/14,2.61
2014/4/15,2.6
2014/4/16,2.61
2014/4/17,2.7
2014/4/18,
2014/4/21,2.69
2014/4/22,2.7
2014/4/23,2.68
2014/4/24,2.69
2014/4/25,2.65
2014/4/28,2.67
2014/4/29,2.69
2014/4/30,2.64
2014/5/1,2.6
2014/5/2,2.58
2014/5/5,2.6
2014/5/6,2.58
2014/5/7,2.59
2014/5/8,2.58
2014/5/9,2.59
2014/5/12,2.63
2014/5/13,2.58
2014/5/14,2.51
2014/5/15,2.47
2014/5/16,2.49
2014/5/19,2.51
2014/5/20,2.49
2014/5/21,2.5
2014/5/22,2.53
2014/5/23,2.5
2014/5/26,
2014/5/27,2.48
2014/5/28,2.4
2014/5/29,2.41
2014/5/30,2.44
2014/6/2,2.5
2014/6/3,2.56
2014/6/4,2.57
2014/6/5,2.55
2014/6/6,2.56
2014/6/9,2.58
2014/6/10,2.6
2014/6/11,2.61
2014/6/12,2.54
2014/6/13,2.56
2014/6/16,2.57
2014/6/17,2.62
2014/6/18,2.58
2014/6/19,2.62
2014/6/20,2.61
2014/6/23,2.6
2014/6/24,2.56
2014/6/25,2.54
2014/6/26,2.49
2014/6/27,2.51
2014/6/30,2.49
2014/7/1,2.56
2014/7/2,2.62
2014/7/3,2.64
2014/7/4,
2014/7/7,2.59
2014/7/8,2.55
2014/7/9,2.54
2014/7/10,2.53
2014/7/11,2.51
2014/7/14,2.52
2014/7/15,2.54
2014/7/16,2.53
2014/7/17,2.45
2014/7/18,2.48
2014/7/21,2.46
2014/7/22,2.45
2014/7/23,2.45
2014/7/24,2.49
2014/7/25,2.45
2014/7/28,2.46
2014/7/29,2.45
2014/7/30,2.53
2014/7/31,2.55
2014/8/1,2.49
2014/8/4,2.47
2014/8/5,2.46
2014/8/6,2.46
2014/8/7,2.4
2014/8/8,2.41
2014/8/11,2.4
2014/8/12,2.43
2014/8/13,2.39
2014/8/14,2.36
2014/8/15,2.31
2014/8/18,2.36
2014/8/19,2.37
2014/8/20,2.39
2014/8/21,2.39
2014/8/22,2.37
2014/8/25,2.35
2014/8/26,2.36
2014/8/27,2.33
2014/8/28,2.31
2014/8/29,2.32
2014/9/1,
2014/9/2,2.39
2014/9/3,2.38
2014/9/4,2.42
2014/9/5,2.43
2014/9/8,2.46
2014/9/9,2.48
2014/9/10,2.52
2014/9/11,2.52
2014/9/12,2.6
2014/9/15,2.58
2014/9/16,2.58
2014/9/17,2.6
2014/9/18,2.61
2014/9/19,2.57
2014/9/22,2.56
2014/9/23,2.53
2014/9/24,2.55
2014/9/25,2.51
2014/9/26,2.53
2014/9/29,2.48
2014/9/30,2.5
2014/10/1,2.4
2014/10/2,2.43
2014/10/3,2.44
2014/10/6,2.41
2014/10/7,2.34
2014/10/8,2.34
2014/10/9,2.33
2014/10/10,2.3
2014/10/13,
2014/10/14,2.19
2014/10/15,2.13
2014/10/16,2.14
2014/10/17,2.2
2014/10/20,2.18
2014/10/21,2.21
2014/10/22,2.23
2014/10/23,2.28
2014/10/24,2.28
2014/10/27,2.25
2014/10/28,2.28
2014/10/29,2.31
2014/10/30,2.31
2014/10/31,2.34
2014/11/3,2.34
2014/11/4,2.32
2014/11/5,2.33
2014/11/6,2.36
2014/11/7,2.29
2014/11/10,2.36
2014/11/11,
2014/11/12,2.35
2014/11/13,2.33
2014/11/14,2.3
2014/11/17,2.31
2014/11/18,2.3
2014/11/19,2.35
2014/11/20,2.32
2014/11/21,2.3
2014/11/24,2.28
2014/11/25,2.25
2014/11/26,2.22
2014/11/27,
2014/11/28,2.16
2014/12/1,2.19
2014/12/2,2.25
2014/12/3,2.28
2014/12/4,2.23
2014/12/5,2.29
2014/12/8,2.23
2014/12/9,2.18
2014/12/10,2.15
2014/12/11,2.16
2014/12/12,2.08
2014/12/15,2.08
2014/12/16,2.04
2014/12/17,2.11
2014/12/18,2.18
2014/12/19,2.13
2014/12/22,2.12
2014/12/23,2.23
2014/12/24,2.26
2014/12/25,
2014/12/26,2.24
2014/12/29,2.19
2014/12/30,2.17
2014/12/31,2.13
2015/1/1,
2015/1/2,2.1
2015/1/5,2.01
2015/1/6,1.94
2015/1/7,1.93
2015/1/8,2
2015/1/9,1.96
2015/1/12,1.89
2015/1/13,1.88
2015/1/14,1.82
2015/1/15,1.74
2015/1/16,1.8
2015/1/19,
2015/1/20,1.79
2015/1/21,1.84
2015/1/22,1.87
2015/1/23,1.79
2015/1/26,1.8
2015/1/27,1.81
2015/1/28,1.71
2015/1/29,1.74
2015/1/30,1.66
2015/2/2,1.66
2015/2/3,1.77
2015/2/4,1.8
2015/2/5,1.81
2015/2/6,1.93
2015/2/9,1.95
2015/2/10,2
2015/2/11,1.99
2015/2/12,1.97
2015/2/13,2.01
2015/2/16,
2015/2/17,2.12
2015/2/18,2.05
2015/2/19,2.09
2015/2/20,2.11
2015/2/23,2.04
2015/2/24,1.97
2015/2/25,1.94
2015/2/26,2
2015/2/27,1.98
2015/3/2,2.06
2015/3/3,2.1
2015/3/4,2.11
2015/3/5,2.09
2015/3/6,2.23
2015/3/9,2.18
2015/3/10,2.12
2015/3/11,2.08
2015/3/12,2.07
2015/3/13,2.1
2015/3/16,2.05
2015/3/17,2.01
2015/3/18,1.9
2015/3/19,1.95
2015/3/20,1.92
2015/3/23,1.89
2015/3/24,1.86
2015/3/25,1.89
2015/3/26,1.98
2015/3/27,1.91
2015/3/30,1.92
2015/3/31,1.91
2015/4/1,1.84
2015/4/2,1.9
2015/4/3,1.83
2015/4/6,1.89
2015/4/7,1.87
2015/4/8,1.89
2015/4/9,1.94
2015/4/10,1.94
2015/4/13,1.91
2015/4/14,1.88
2015/4/15,1.89
2015/4/16,1.88
2015/4/17,1.86
2015/4/20,1.87
2015/4/21,1.89
2015/4/22,1.96
2015/4/23,1.93
2015/4/24,1.9
2015/4/27,1.92
2015/4/28,1.98
2015/4/29,2.05
2015/4/30,2.04
2015/5/1,2.11
2015/5/4,2.14
2015/5/5,2.18
2015/5/6,2.23
2015/5/7,2.17
2015/5/8,2.15
2015/5/11,2.26
2015/5/12,2.25
2015/5/13,2.25
2015/5/14,2.22
2015/5/15,2.12
2015/5/18,2.21
2015/5/19,2.25
2015/5/20,2.24
2015/5/21,2.17
2015/5/22,2.19
2015/5/25,
2015/5/26,2.12
2015/5/27,2.13
2015/5/28,2.12
2015/5/29,2.11
2015/6/1,2.17
2015/6/2,2.26
2015/6/3,2.36
2015/6/4,2.29
2015/6/5,2.38
2015/6/8,2.37
2015/6/9,2.4
2015/6/10,2.48
2015/6/11,2.38
2015/6/12,2.37
2015/6/15,2.34
2015/6/16,2.31
2015/6/17,2.31
2015/6/18,2.34
2015/6/19,2.25
2015/6/22,2.36
2015/6/23,2.41
2015/6/24,2.37
2015/6/25,2.39
2015/6/26,2.48
2015/6/29,2.31
2015/6/30,2.34
2015/7/1,2.42
2015/7/2,2.39
2015/7/3,
2015/7/6,2.28
2015/7/7,2.25
2015/7/8,2.2
2015/7/9,2.29
2015/7/10,2.41
2015/7/13,2.42
2015/7/14,2.4
2015/7/15,2.34
2015/7/16,2.34
2015/7/17,2.31
2015/7/20,2.34
2015/7/21,2.32
2015/7/22,2.29
2015/7/23,2.25
2015/7/24,2.23
2015/7/27,2.18
2015/7/28,2.21
2015/7/29,2.23
2015/7/30,2.21
2015/7/31,2.12
2015/8/3,2.08
2015/8/4,2.15
2015/8/5,2.2
2015/8/6,2.19
2015/8/7,2.12
2015/8/10,2.12
2015/8/11,2.05
2015/8/12,2.04
2015/8/13,2.09
2015/8/14,2.11
2015/8/17,2.06
2015/8/18,2.13
2015/8/19,2.07
2015/8/20,2.07
2015/8/21,2.02
2015/8/24,1.95
2015/8/25,2.05
2015/8/26,2.12
2015/8/27,2.12
2015/8/28,2.13
2015/8/31,2.13
2015/9/1,2.14
2015/9/2,2.17
2015/9/3,2.16
2015/9/4,2.11
2015/9/7,
2015/9/8,2.14
2015/9/9,2.18
2015/9/10,2.21
2015/9/11,2.16
2015/9/14,2.11
2015/9/15,2.21
2015/9/16,2.24
2015/9/17,2.2
2015/9/18,2.13
2015/9/21,2.19
2015/9/22,2.14
2015/9/23,2.15
2015/9/24,2.12
2015/9/25,2.17
2015/9/28,2.09
2015/9/29,2.04
2015/9/30,2.06
2015/10/1,2.05
2015/10/2,1.99
2015/10/5,2.06
2015/10/6,2.05
2015/10/7,2.08
2015/10/8,2.12
2015/10/9,2.11
2015/10/12,
2015/10/13,2.05
2015/10/14,1.99
2015/10/15,2.03
2015/10/16,2.03
2015/10/19,2.02
2015/10/20,2.06
2015/10/21,2.03
2015/10/22,2.04
2015/10/23,2.08
2015/10/26,2.05
2015/10/27,2.02
2015/10/28,2.06
2015/10/29,2.12
2015/10/30,2.08
2015/11/2,2.12
2015/11/3,2.17
2015/11/4,2.2
2015/11/5,2.21
2015/11/6,2.26
2015/11/9,2.22
2015/11/10,2.19
2015/11/11,
2015/11/12,2.18
2015/11/13,2.14
2015/11/16,2.12
2015/11/17,2.11
2015/11/18,2.15
2015/11/19,2.13
2015/11/20,2.14
2015/11/23,2.11
2015/11/24,2.08
2015/11/25,2.04
2015/11/26,
2015/11/27,2.04
2015/11/30,1.99
2015/12/1,1.94
2015/12/2,1.97
2015/12/3,2.12
2015/12/4,2.05
2015/12/7,1.94
2015/12/8,1.97
2015/12/9,1.96
2015/12/10,2
2015/12/11,1.9
2015/12/14,1.97
2015/12/15,2.03
2015/12/16,2.03
2015/12/17,2.01
2015/12/18,2
2015/12/21,1.96
2015/12/22,2.03
2015/12/23,2.07
2015/12/24,2.05
2015/12/25,
2015/12/28,2.01
2015/12/29,2.09
2015/12/30,2.1
2015/12/31,2.11
2016/1/1,
2016/1/4,2.02
2016/1/5,2.05
2016/1/6,1.97
2016/1/7,1.96
2016/1/8,1.93
2016/1/11,1.96
2016/1/12,1.91
2016/1/13,1.86
2016/1/14,1.85
2016/1/15,1.79
2016/1/18,
2016/1/19,1.8
2016/1/20,1.75
2016/1/21,1.74
2016/1/22,1.76
2016/1/25,1.72
2016/1/26,1.7
2016/1/27,1.7
2016/1/28,1.65
2016/1/29,1.61
2016/2/1,1.62
2016/2/2,1.53
2016/2/3,1.55
2016/2/4,1.58
2016/2/5,1.56
2016/2/8,1.43
2016/2/9,1.44
2016/2/10,1.4
2016/2/11,1.35
2016/2/12,1.44
2016/2/15,
2016/2/16,1.48
2016/2/17,1.51
2016/2/18,1.45
2016/2/19,1.45
2016/2/22,1.44
2016/2/23,1.42
2016/2/24,1.42
2016/2/25,1.39
2016/2/26,1.43
2016/2/29,1.41
2016/3/1,1.5
2016/3/2,1.48
2016/3/3,1.55
2016/3/4,1.59
2016/3/7,1.59
2016/3/8,1.54
2016/3/9,1.6
2016/3/10,1.61
2016/3/11,1.65
2016/3/14,1.63
2016/3/15,1.63
2016/3/16,1.63
2016/3/17,1.62
2016/3/18,1.58
2016/3/21,1.61
2016/3/22,1.64
2016/3/23,1.58
2016/3/24,1.61
2016/3/25,
2016/3/28,1.6
2016/3/29,1.58
2016/3/30,1.63
2016/3/31,1.57
2016/4/1,1.56
2016/4/4,1.55
2016/4/5,1.5
2016/4/6,1.53
2016/4/7,1.47
2016/4/8,1.49
2016/4/11,1.5
2016/4/12,1.57
2016/4/13,1.54
2016/4/14,1.58
2016/4/15,1.54
2016/4/18,1.56
2016/4/19,1.58
2016/4/20,1.62
2016/4/21,1.65
2016/4/22,1.66
2016/4/25,1.66
2016/4/26,1.7
2016/4/27,1.63
2016/4/28,1.62
2016/4/29,1.61
2016/5/2,1.66
2016/5/3,1.6
2016/5/4,1.6
2016/5/5,1.56
2016/5/6,1.6
2016/5/9,1.53
2016/5/10,1.53
2016/5/11,1.47
2016/5/12,1.48
2016/5/13,1.42
2016/5/16,1.47
2016/5/17,1.48
2016/5/18,1.57
2016/5/19,1.54
2016/5/20,1.52
2016/5/23,1.49
2016/5/24,1.51
2016/5/25,1.54
2016/5/26,1.52
2016/5/27,1.53
2016/5/30,
2016/5/31,1.5
2016/6/1,1.55
2016/6/2,1.52
2016/6/3,1.41
2016/6/6,1.45
2016/6/7,1.44
2016/6/8,1.47
2016/6/9,1.42
2016/6/10,1.38
2016/6/13,1.35
2016/6/14,1.35
2016/6/15,1.34
2016/6/16,1.3
2016/6/17,1.35
2016/6/20,1.39
2016/6/21,1.44
2016/6/22,1.42
2016/6/23,1.43
2016/6/24,1.3
2016/6/27,1.19
2016/6/28,1.2
2016/6/29,1.24
2016/6/30,1.23
2016/7/1,1.18
2016/7/4,
2016/7/5,1.09
2016/7/6,1.11
2016/7/7,1.11
2016/7/8,1.09
2016/7/11,1.12
2016/7/12,1.24
2016/7/13,1.17
2016/7/14,1.21
2016/7/15,1.28
2016/7/18,1.27
2016/7/19,1.25
2016/7/20,1.27
2016/7/21,1.25
2016/7/22,1.24
2016/7/25,1.26
2016/7/26,1.26
2016/7/27,1.21
2016/7/28,1.27
2016/7/29,1.18
2016/8/1,1.22
2016/8/2,1.26
2016/8/3,1.27
2016/8/4,1.25
2016/8/5,1.31
2016/8/8,1.28
2016/8/9,1.26
2016/8/10,1.22
2016/8/11,1.29
2016/8/12,1.22
2016/8/15,1.24
2016/8/16,1.3
2016/8/17,1.26
2016/8/18,1.23
2016/8/19,1.28
2016/8/22,1.26
2016/8/23,1.25
2016/8/24,1.25
2016/8/25,1.25
2016/8/26,1.28
2016/8/29,1.24
2016/8/30,1.24
2016/8/31,1.25
2016/9/1,1.24
2016/9/2,1.27
2016/9/5,
2016/9/6,1.23
2016/9/7,1.2
2016/9/8,1.26
2016/9/9,1.32
2016/9/12,1.31
2016/9/13,1.37
2016/9/14,1.37
2016/9/15,1.42
2016/9/16,1.4
2016/9/19,1.4
2016/9/20,1.39
2016/9/21,1.44
2016/9/22,1.45
2016/9/23,1.44
2016/9/26,1.34
2016/9/27,1.3
2016/9/28,1.3
2016/9/29,1.3
2016/9/30,1.31
2016/10/3,1.31
2016/10/4,1.36
2016/10/5,1.4
2016/10/6,1.42
2016/10/7,1.4
2016/10/10,
2016/10/11,1.42
2016/10/12,1.42
2016/10/13,1.45
2016/10/14,1.48
2016/10/17,1.43
2016/10/18,1.41
2016/10/19,1.41
2016/10/20,1.41
2016/10/21,1.4
2016/10/24,1.44
2016/10/25,1.43
2016/10/26,1.46
2016/10/27,1.55
2016/10/28,1.56
2016/10/31,1.5
2016/11/1,1.48
2016/11/2,1.44
2016/11/3,1.44
2016/11/4,1.41
2016/11/7,1.42
2016/11/8,1.45
2016/11/9,1.62
2016/11/10,1.67
2016/11/11,
2016/11/14,1.68
2016/11/15,1.72
2016/11/16,1.75
2016/11/17,1.85
2016/11/18,1.9
2016/11/21,1.87
2016/11/22,1.82
2016/11/23,1.85
2016/11/24,
2016/11/25,1.87
2016/11/28,1.84
2016/11/29,1.82
2016/11/30,1.89
2016/12/1,1.97
2016/12/2,1.91
2016/12/5,1.9
2016/12/6,1.9
2016/12/7,1.82
2016/12/8,1.89
2016/12/9,1.93
2016/12/12,1.98
2016/12/13,1.94
2016/12/14,1.99
2016/12/15,2.09
2016/12/16,2.09
2016/12/19,2.02
2016/12/20,2.05
2016/12/21,2.03
2016/12/22,2.04
2016/12/23,2.03
2016/12/26,
2016/12/27,2.06
2016/12/28,1.98
2016/12/29,2.02
2016/12/30,1.94
2017/1/2,
2017/1/3,1.92
2017/1/4,1.93
2017/1/5,1.85
2017/1/6,1.89
2017/1/9,1.88
2017/1/10,1.86
2017/1/11,1.86
2017/1/12,1.84
2017/1/13,1.87
2017/1/16,
2017/1/17,1.78
2017/1/18,1.89
2017/1/19,1.95
2017/1/20,1.98
2017/1/23,1.9
2017/1/24,1.96
2017/1/25,2.03
2017/1/26,2
2017/1/27,1.97
2017/1/30,1.98
2017/1/31,1.93
2017/2/1,1.97
2017/2/2,1.96
2017/2/3,1.98
2017/2/6,1.89
2017/2/7,1.87
2017/2/8,1.8
2017/2/9,1.86
2017/2/10,1.86
2017/2/13,1.91
2017/2/14,1.93
2017/2/15,1.97
2017/2/16,1.92
2017/2/17,1.89
2017/2/20,
2017/2/21,1.9
2017/2/22,1.9
2017/2/23,1.87
2017/2/24,1.79
2017/2/27,1.86
2017/2/28,1.83
2017/3/1,1.83
2017/3/2,1.82
2017/3/3,1.78
2017/3/6,1.75
2017/3/7,1.76
2017/3/8,1.84
2017/3/9,1.87
2017/3/10,1.83
2017/3/13,1.83
2017/3/14,1.82
2017/3/15,1.78
2017/3/16,1.8
2017/3/17,1.77
2017/3/20,1.71
2017/3/21,1.66
2017/3/22,1.63
2017/3/23,1.65
2017/3/24,1.62
2017/3/27,1.6
2017/3/28,1.64
2017/3/29,1.61
2017/3/30,1.64
2017/3/31,1.64
2017/4/3,1.56
2017/4/4,1.57
2017/4/5,1.54
2017/4/6,1.55
2017/4/7,1.56
2017/4/10,1.55
2017/4/11,1.5
2017/4/12,1.47
2017/4/13,1.43
2017/4/14,
2017/4/17,1.43
2017/4/18,1.36
2017/4/19,1.4
2017/4/20,1.45
2017/4/21,1.45
2017/4/24,1.47
2017/4/25,1.53
2017/4/26,1.49
2017/4/27,1.49
2017/4/28,1.49
2017/5/1,1.5
2017/5/2,1.47
2017/5/3,1.48
2017/5/4,1.5
2017/5/5,1.46
2017/5/8,1.48
2017/5/9,1.51
2017/5/10,1.51
2017/5/11,1.5
2017/5/12,1.45
2017/5/15,1.44
2017/5/16,1.43
2017/5/17,1.32
2017/5/18,1.3
2017/5/19,1.31
2017/5/22,1.32
2017/5/23,1.37
2017/5/24,1.33
2017/5/25,1.31
2017/5/26,1.31
2017/5/29,
2017/5/30,1.28
2017/5/31,1.23
2017/6/1,1.23
2017/6/2,1.17
2017/6/5,1.22
2017/6/6,1.17
2017/6/7,1.18
2017/6/8,1.18
2017/6/9,1.2
2017/6/12,1.23
2017/6/13,1.21
2017/6/14,1.14
2017/6/15,1.14
2017/6/16,1.13
2017/6/19,1.17
2017/6/20,1.15
2017/6/21,1.17
2017/6/22,1.19
2017/6/23,1.18
2017/6/26,1.15
2017/6/27,1.21
2017/6/28,1.2
2017/6/29,1.23
2017/6/30,1.28
2017/7/3,1.29
2017/7/4,
2017/7/5,1.28
2017/7/6,1.33
2017/7/7,1.34
2017/7/10,1.34
2017/7/11,1.32
2017/7/12,1.28
2017/7/13,1.3
2017/7/14,1.29
2017/7/17,1.24
2017/7/18,1.2
2017/7/19,1.16
2017/7/20,1.12
2017/7/21,1.08
2017/7/24,1.09
2017/7/25,1.15
2017/7/26,1.16
2017/7/27,1.21
2017/7/28,1.22
2017/7/31,1.23
2017/8/1,1.18
2017/8/2,1.19
2017/8/3,1.16
2017/8/4,1.19
2017/8/7,1.24
2017/8/8,1.23
2017/8/9,1.18
2017/8/10,1.15
2017/8/11,1.16
2017/8/14,1.2
2017/8/15,1.23
2017/8/16,1.21
2017/8/17,1.19
2017/8/18,1.17
2017/8/21,1.18
2017/8/22,1.22
2017/8/23,1.17
2017/8/24,1.17
2017/8/25,1.14
2017/8/28,1.18
2017/8/29,1.1
2017/8/30,1.12
2017/8/31,1.11
2017/9/1,1.14
2017/9/4,
2017/9/5,1.04
2017/9/6,1.03
2017/9/7,1
2017/9/8,1.02
2017/9/11,1.09
2017/9/12,1.14
2017/9/13,1.16
2017/9/14,1.15
2017/9/15,1.15
2017/9/18,1.18
2017/9/19,1.2
2017/9/20,1.24
2017/9/21,1.23
2017/9/22,1.23
2017/9/25,1.17
2017/9/26,1.18
2017/9/27,1.24
2017/9/28,1.25
2017/9/29,1.27
2017/10/2,1.33
2017/10/3,1.26
2017/10/4,1.25
2017/10/5,1.28
2017/10/6,1.3
2017/10/9,
2017/10/10,1.27
2017/10/11,1.25
2017/10/12,1.24
2017/10/13,1.19
2017/10/16,1.2
2017/10/17,1.21
2017/10/18,1.25
2017/10/19,1.23
2017/10/20,1.28
2017/10/23,1.29
2017/10/24,1.3
2017/10/25,1.32
2017/10/26,1.35
2017/10/27,1.32
2017/10/30,1.25
2017/10/31,1.23
2017/11/1,1.19
2017/11/2,1.18
2017/11/3,1.16
2017/11/6,1.13
2017/11/7,1.1
2017/11/8,1.09
2017/11/9,1.09
2017/11/10,1.17
2017/11/13,1.16
2017/11/14,1.12
2017/11/15,1.08
2017/11/16,1.1
2017/11/17,1.06
2017/11/20,1.07
2017/11/21,1.06
2017/11/22,1.03
2017/11/23,
2017/11/24,1.05
2017/11/27,1.05
2017/11/28,1.04
2017/11/29,1.08
2017/11/30,1.15
2017/12/1,1.1
2017/12/4,1.08
2017/12/5,1.06
2017/12/6,1.03
2017/12/7,1.08
2017/12/8,1.1
2017/12/11,1.06
2017/12/12,1.06
2017/12/13,1.06
2017/12/14,1.03
2017/12/15,1.04
2017/12/18,1.01
2017/12/19,1.09
2017/12/20,1.11
2017/12/21,1.13
2017/12/22,1.15
2017/12/25,
2017/12/26,1
2017/12/27,0.98
2017/12/28,1.04
2017/12/29,1.01
